** Drc report for SillyWilly58.kicad_pcb **
** Created on 2026-03-29T17:43:01 **
** Report includes: Errors, Warnings **

** Found 687 DRC violations **
[solder_mask_bridge]: Front solder mask aperture bridges items with different nets
    Rule: board setup solder mask min width; error
    @(120.0114 mm, 98.0250 mm): Track [row3] on F.Cu, length 5.0864 mm
    @(116.1000 mm, 99.1000 mm): PTH pad 2 [Net-(D19-Pad2)] of D19
[solder_mask_bridge]: Front solder mask aperture bridges items with different nets
    Rule: board setup solder mask min width; error
    @(201.4250 mm, 100.4250 mm): Track [row3] on F.Cu, length 11.3000 mm
    @(192.3000 mm, 101.5000 mm): PTH pad 2 [Net-(D23-Pad2)] of D23
[solder_mask_bridge]: Front solder mask aperture bridges items with different nets
    Rule: board setup solder mask min width; error
    @(92.4012 mm, 50.0457 mm): Track [VCC] on F.Cu, length 1.0776 mm
    @(92.1800 mm, 48.8500 mm): PTH pad 4 [GND] of U1
[solder_mask_bridge]: Front solder mask aperture bridges items with different nets
    Rule: board setup solder mask min width; error
    @(153.6000 mm, 69.0000 mm): NPTH pad of SW9
    @(155.8000 mm, 71.2000 mm): Pad 2 [Net-(D9-Pad2)] of SW9 on F.Cu
[solder_mask_bridge]: Front solder mask aperture bridges items with different nets
    Rule: board setup solder mask min width; error
    @(92.3849 mm, 50.0620 mm): Track [VCC] on F.Cu, length 0.0230 mm
    @(92.1800 mm, 48.8500 mm): PTH pad 4 [GND] of U1
[solder_mask_bridge]: Rear solder mask aperture bridges items with different nets
    Rule: board setup solder mask min width; error
    @(158.6000 mm, 71.2000 mm): NPTH pad of SW9
    @(161.4000 mm, 71.2000 mm): Pad 2 [Net-(D9-Pad2)] of SW9 on B.Cu
[solder_mask_bridge]: Rear solder mask aperture bridges items with different nets
    Rule: board setup solder mask min width; error
    @(163.6000 mm, 69.0000 mm): NPTH pad of SW9
    @(161.4000 mm, 71.2000 mm): Pad 2 [Net-(D9-Pad2)] of SW9 on B.Cu
[solder_mask_bridge]: Front solder mask aperture bridges items with different nets
    Rule: board setup solder mask min width; error
    @(134.5000 mm, 108.5000 mm): NPTH pad of SW20
    @(136.7000 mm, 110.7000 mm): Pad 2 [Net-(D20-Pad2)] of SW20 on F.Cu
[solder_mask_bridge]: Front solder mask aperture bridges items with different nets
    Rule: board setup solder mask min width; error
    @(91.4620 mm, 50.0620 mm): Track [VCC] on F.Cu, length 0.9229 mm
    @(92.1800 mm, 48.8500 mm): PTH pad 4 [GND] of U1
[solder_mask_bridge]: Rear solder mask aperture bridges items with different nets
    Rule: board setup solder mask min width; error
    @(139.5000 mm, 110.7000 mm): NPTH pad of SW20
    @(142.3000 mm, 110.7000 mm): Pad 2 [Net-(D20-Pad2)] of SW20 on B.Cu
[solder_mask_bridge]: Rear solder mask aperture bridges items with different nets
    Rule: board setup solder mask min width; error
    @(144.5000 mm, 108.5000 mm): NPTH pad of SW20
    @(142.3000 mm, 110.7000 mm): Pad 2 [Net-(D20-Pad2)] of SW20 on B.Cu
[solder_mask_bridge]: Front solder mask aperture bridges items with different nets
    Rule: board setup solder mask min width; error
    @(158.0750 mm, 114.7250 mm): Track [row4] on F.Cu, length 15.6500 mm
    @(144.6000 mm, 115.8000 mm): PTH pad 2 [Net-(D28-Pad2)] of D28
[solder_mask_bridge]: Front solder mask aperture bridges items with different nets
    Rule: board setup solder mask min width; error
    @(153.6000 mm, 107.1000 mm): NPTH pad of SW21
    @(155.8000 mm, 109.3000 mm): Pad 2 [Net-(D21-Pad2)] of SW21 on F.Cu
[solder_mask_bridge]: Front solder mask aperture bridges items with different nets
    Rule: board setup solder mask min width; error
    @(172.6000 mm, 70.3000 mm): NPTH pad of SW10
    @(174.8000 mm, 72.5000 mm): Pad 2 [Net-(D10-Pad2)] of SW10 on F.Cu
[solder_mask_bridge]: Rear solder mask aperture bridges items with different nets
    Rule: board setup solder mask min width; error
    @(158.6000 mm, 109.3000 mm): NPTH pad of SW21
    @(161.4000 mm, 109.3000 mm): Pad 2 [Net-(D21-Pad2)] of SW21 on B.Cu
[solder_mask_bridge]: Rear solder mask aperture bridges items with different nets
    Rule: board setup solder mask min width; error
    @(163.6000 mm, 107.1000 mm): NPTH pad of SW21
    @(161.4000 mm, 109.3000 mm): Pad 2 [Net-(D21-Pad2)] of SW21 on B.Cu
[solder_mask_bridge]: Rear solder mask aperture bridges items with different nets
    Rule: board setup solder mask min width; error
    @(177.6000 mm, 72.5000 mm): NPTH pad of SW10
    @(180.4000 mm, 72.5000 mm): Pad 2 [Net-(D10-Pad2)] of SW10 on B.Cu
[solder_mask_bridge]: Rear solder mask aperture bridges items with different nets
    Rule: board setup solder mask min width; error
    @(182.6000 mm, 70.3000 mm): NPTH pad of SW10
    @(180.4000 mm, 72.5000 mm): Pad 2 [Net-(D10-Pad2)] of SW10 on B.Cu
[solder_mask_bridge]: Front solder mask aperture bridges items with different nets
    Rule: board setup solder mask min width; error
    @(110.8250 mm, 115.9528 mm): Track [row4] on F.Cu, length 27.0528 mm
    @(109.5000 mm, 101.2000 mm): Pad 1 [col5] of SW25 on F.Cu
[solder_mask_bridge]: Front solder mask aperture bridges items with different nets
    Rule: board setup solder mask min width; error
    @(172.6000 mm, 108.5000 mm): NPTH pad of SW22
    @(174.8000 mm, 110.7000 mm): Pad 2 [Net-(D22-Pad2)] of SW22 on F.Cu
[solder_mask_bridge]: Front solder mask aperture bridges items with different nets
    Rule: board setup solder mask min width; error
    @(120.0260 mm, 59.0750 mm): Track [row0] on F.Cu, length 6.1010 mm
    @(116.1000 mm, 58.0000 mm): PTH pad 2 [Net-(D1-Pad2)] of D1
[solder_mask_bridge]: Rear solder mask aperture bridges items with different nets
    Rule: board setup solder mask min width; error
    @(177.6000 mm, 110.7000 mm): NPTH pad of SW22
    @(180.4000 mm, 110.7000 mm): Pad 2 [Net-(D22-Pad2)] of SW22 on B.Cu
[solder_mask_bridge]: Rear solder mask aperture bridges items with different nets
    Rule: board setup solder mask min width; error
    @(220.1000 mm, 99.9000 mm): PTH pad 1 [row2] of D18
    @(218.5000 mm, 97.9000 mm): Pad 2 [Net-(D18-Pad2)] of SW18 on B.Cu
[solder_mask_bridge]: Rear solder mask aperture bridges items with different nets
    Rule: board setup solder mask min width; error
    @(182.6000 mm, 108.5000 mm): NPTH pad of SW22
    @(180.4000 mm, 110.7000 mm): Pad 2 [Net-(D22-Pad2)] of SW22 on B.Cu
[solder_mask_bridge]: Front solder mask aperture bridges items with different nets
    Rule: board setup solder mask min width; error
    @(191.7000 mm, 75.0000 mm): NPTH pad of SW11
    @(193.9000 mm, 77.2000 mm): Pad 2 [Net-(D11-Pad2)] of SW11 on F.Cu
[solder_mask_bridge]: Rear solder mask aperture bridges items with different nets
    Rule: board setup solder mask min width; error
    @(196.7000 mm, 77.2000 mm): NPTH pad of SW11
    @(199.5000 mm, 77.2000 mm): Pad 2 [Net-(D11-Pad2)] of SW11 on B.Cu
[solder_mask_bridge]: Rear solder mask aperture bridges items with different nets
    Rule: board setup solder mask min width; error
    @(201.7000 mm, 75.0000 mm): NPTH pad of SW11
    @(199.5000 mm, 77.2000 mm): Pad 2 [Net-(D11-Pad2)] of SW11 on B.Cu
[solder_mask_bridge]: Front solder mask aperture bridges items with different nets
    Rule: board setup solder mask min width; error
    @(191.7000 mm, 113.2000 mm): NPTH pad of SW23
    @(193.9000 mm, 115.4000 mm): Pad 2 [Net-(D23-Pad2)] of SW23 on F.Cu
[solder_mask_bridge]: Front solder mask aperture bridges items with different nets
    Rule: board setup solder mask min width; error
    @(84.0500 mm, 49.6000 mm): PTH pad 1 [VCC] of J2
    @(83.0000 mm, 37.0000 mm): Zone [GND] on F.Cu, priority 0
[solder_mask_bridge]: Front solder mask aperture bridges items with different nets
    Rule: board setup solder mask min width; error
    @(210.7000 mm, 76.5000 mm): NPTH pad of SW12
    @(212.9000 mm, 78.7000 mm): Pad 2 [Net-(D12-Pad2)] of SW12 on F.Cu
[solder_mask_bridge]: Front solder mask aperture bridges items with different nets
    Rule: board setup solder mask min width; error
    @(147.0750 mm, 56.7750 mm): Track [row0] on F.Cu, length 13.2500 mm
    @(136.0000 mm, 55.7000 mm): PTH pad 2 [Net-(D2-Pad2)] of D2
[solder_mask_bridge]: Rear solder mask aperture bridges items with different nets
    Rule: board setup solder mask min width; error
    @(196.7000 mm, 115.4000 mm): NPTH pad of SW23
    @(199.5000 mm, 115.4000 mm): Pad 2 [Net-(D23-Pad2)] of SW23 on B.Cu
[solder_mask_bridge]: Rear solder mask aperture bridges items with different nets
    Rule: board setup solder mask min width; error
    @(215.7000 mm, 78.7000 mm): NPTH pad of SW12
    @(218.5000 mm, 78.7000 mm): Pad 2 [Net-(D12-Pad2)] of SW12 on B.Cu
[solder_mask_bridge]: Rear solder mask aperture bridges items with different nets
    Rule: board setup solder mask min width; error
    @(220.7000 mm, 76.5000 mm): NPTH pad of SW12
    @(218.5000 mm, 78.7000 mm): Pad 2 [Net-(D12-Pad2)] of SW12 on B.Cu
[solder_mask_bridge]: Rear solder mask aperture bridges items with different nets
    Rule: board setup solder mask min width; error
    @(201.7000 mm, 113.2000 mm): NPTH pad of SW23
    @(199.5000 mm, 115.4000 mm): Pad 2 [Net-(D23-Pad2)] of SW23 on B.Cu
[solder_mask_bridge]: Rear solder mask aperture bridges items with different nets
    Rule: board setup solder mask min width; error
    @(84.0500 mm, 49.6000 mm): PTH pad 1 [VCC] of J2
    @(83.0000 mm, 37.0000 mm): Zone [GND] on B.Cu, priority 0
[solder_mask_bridge]: Front solder mask aperture bridges items with different nets
    Rule: board setup solder mask min width; error
    @(210.7500 mm, 114.7000 mm): NPTH pad of SW24
    @(212.9500 mm, 116.9000 mm): Pad 2 [Net-(D24-Pad2)] of SW24 on F.Cu
[solder_mask_bridge]: Front solder mask aperture bridges items with different nets
    Rule: board setup solder mask min width; error
    @(115.5000 mm, 91.8000 mm): NPTH pad of SW13
    @(117.7000 mm, 94.0000 mm): Pad 2 [Net-(D13-Pad2)] of SW13 on F.Cu
[solder_mask_bridge]: Rear solder mask aperture bridges items with different nets
    Rule: board setup solder mask min width; error
    @(120.5000 mm, 94.0000 mm): NPTH pad of SW13
    @(123.3000 mm, 94.0000 mm): Pad 2 [Net-(D13-Pad2)] of SW13 on B.Cu
[solder_mask_bridge]: Rear solder mask aperture bridges items with different nets
    Rule: board setup solder mask min width; error
    @(215.7500 mm, 116.9000 mm): NPTH pad of SW24
    @(218.5500 mm, 116.9000 mm): Pad 2 [Net-(D24-Pad2)] of SW24 on B.Cu
[solder_mask_bridge]: Rear solder mask aperture bridges items with different nets
    Rule: board setup solder mask min width; error
    @(125.5000 mm, 91.8000 mm): NPTH pad of SW13
    @(123.3000 mm, 94.0000 mm): Pad 2 [Net-(D13-Pad2)] of SW13 on B.Cu
[solder_mask_bridge]: Rear solder mask aperture bridges items with different nets
    Rule: board setup solder mask min width; error
    @(220.7500 mm, 114.7000 mm): NPTH pad of SW24
    @(218.5500 mm, 116.9000 mm): Pad 2 [Net-(D24-Pad2)] of SW24 on B.Cu
[solder_mask_bridge]: Front solder mask aperture bridges items with different nets
    Rule: board setup solder mask min width; error
    @(90.0000 mm, 49.6000 mm): PTH pad 1 [VCC] of J2
    @(83.0000 mm, 37.0000 mm): Zone [GND] on F.Cu, priority 0
[solder_mask_bridge]: Front solder mask aperture bridges items with different nets
    Rule: board setup solder mask min width; error
    @(201.0250 mm, 62.2250 mm): Track [row1] on F.Cu, length 10.9000 mm
    @(192.3000 mm, 63.3000 mm): PTH pad 2 [Net-(D11-Pad2)] of D11
[solder_mask_bridge]: Front solder mask aperture bridges items with different nets
    Rule: board setup solder mask min width; error
    @(134.5000 mm, 89.4000 mm): NPTH pad of SW14
    @(136.7000 mm, 91.6000 mm): Pad 2 [Net-(D14-Pad2)] of SW14 on F.Cu
[solder_mask_bridge]: Front solder mask aperture bridges items with different nets
    Rule: board setup solder mask min width; error
    @(96.4000 mm, 101.2000 mm): NPTH pad of SW25
    @(98.6000 mm, 103.4000 mm): Pad 2 [Net-(D25-Pad2)] of SW25 on F.Cu
[solder_mask_bridge]: Rear solder mask aperture bridges items with different nets
    Rule: board setup solder mask min width; error
    @(101.4000 mm, 103.4000 mm): NPTH pad of SW25
    @(104.2000 mm, 103.4000 mm): Pad 2 [Net-(D25-Pad2)] of SW25 on B.Cu
[solder_mask_bridge]: Rear solder mask aperture bridges items with different nets
    Rule: board setup solder mask min width; error
    @(139.5000 mm, 91.6000 mm): NPTH pad of SW14
    @(142.3000 mm, 91.6000 mm): Pad 2 [Net-(D14-Pad2)] of SW14 on B.Cu
[solder_mask_bridge]: Front solder mask aperture bridges items with different nets
    Rule: board setup solder mask min width; error
    @(119.7124 mm, 60.0250 mm): Track [row1] on F.Cu, length 5.7874 mm
    @(116.1000 mm, 61.1000 mm): PTH pad 2 [Net-(D7-Pad2)] of D7
[solder_mask_bridge]: Rear solder mask aperture bridges items with different nets
    Rule: board setup solder mask min width; error
    @(87.0000 mm, 52.4758 mm): Track [RESET] on B.Cu, length 2.8758 mm
    @(86.9380 mm, 53.4993 mm): PTH pad 1 [VCC] of R2
[solder_mask_bridge]: Rear solder mask aperture bridges items with different nets
    Rule: board setup solder mask min width; error
    @(106.4000 mm, 101.2000 mm): NPTH pad of SW25
    @(104.2000 mm, 103.4000 mm): Pad 2 [Net-(D25-Pad2)] of SW25 on B.Cu
[solder_mask_bridge]: Rear solder mask aperture bridges items with different nets
    Rule: board setup solder mask min width; error
    @(144.5000 mm, 89.4000 mm): NPTH pad of SW14
    @(142.3000 mm, 91.6000 mm): Pad 2 [Net-(D14-Pad2)] of SW14 on B.Cu
[solder_mask_bridge]: Front solder mask aperture bridges items with different nets
    Rule: board setup solder mask min width; error
    @(183.0750 mm, 57.6250 mm): Track [row1] on F.Cu, length 12.0000 mm
    @(173.2000 mm, 58.7000 mm): PTH pad 2 [Net-(D10-Pad2)] of D10
[solder_mask_bridge]: Rear solder mask aperture bridges items with different nets
    Rule: board setup solder mask min width; error
    @(87.0000 mm, 52.4758 mm): Track [RESET] on B.Cu, length 2.8758 mm
    @(85.8000 mm, 51.1000 mm): PTH pad 4 [Net-(J2-Pad4)] of J2
[solder_mask_bridge]: Rear solder mask aperture bridges items with different nets
    Rule: board setup solder mask min width; error
    @(87.0000 mm, 52.4758 mm): Track [RESET] on B.Cu, length 2.8758 mm
    @(84.6880 mm, 53.4993 mm): PTH pad 1 [VCC] of R1
[solder_mask_bridge]: Front solder mask aperture bridges items with different nets
    Rule: board setup solder mask min width; error
    @(153.6000 mm, 88.1000 mm): NPTH pad of SW15
    @(155.8000 mm, 90.3000 mm): Pad 2 [Net-(D15-Pad2)] of SW15 on F.Cu
[solder_mask_bridge]: Front solder mask aperture bridges items with different nets
    Rule: board setup solder mask min width; error
    @(166.2750 mm, 56.3250 mm): Track [row1] on F.Cu, length 14.2000 mm
    @(154.3000 mm, 57.4000 mm): PTH pad 2 [Net-(D9-Pad2)] of D9
[solder_mask_bridge]: Rear solder mask aperture bridges items with different nets
    Rule: board setup solder mask min width; error
    @(158.6000 mm, 90.3000 mm): NPTH pad of SW15
    @(161.4000 mm, 90.3000 mm): Pad 2 [Net-(D15-Pad2)] of SW15 on B.Cu
[solder_mask_bridge]: Rear solder mask aperture bridges items with different nets
    Rule: board setup solder mask min width; error
    @(163.6000 mm, 88.1000 mm): NPTH pad of SW15
    @(161.4000 mm, 90.3000 mm): Pad 2 [Net-(D15-Pad2)] of SW15 on B.Cu
[solder_mask_bridge]: Front solder mask aperture bridges items with different nets
    Rule: board setup solder mask min width; error
    @(84.0500 mm, 42.6000 mm): PTH pad 3 [Net-(J2-Pad3)] of J2
    @(83.0000 mm, 37.0000 mm): Zone [GND] on F.Cu, priority 0
[solder_mask_bridge]: Rear solder mask aperture bridges items with different nets
    Rule: board setup solder mask min width; error
    @(87.0000 mm, 50.0690 mm): Track [RESET] on B.Cu, length 2.4068 mm
    @(86.9380 mm, 53.4993 mm): PTH pad 1 [VCC] of R2
[solder_mask_bridge]: Front solder mask aperture bridges items with different nets
    Rule: board setup solder mask min width; error
    @(99.2957 mm, 124.5199 mm): NPTH pad of SW26
    @(98.4904 mm, 127.5251 mm): Pad 2 [Net-(D26-Pad2)] of SW26 on F.Cu
[solder_mask_bridge]: Front solder mask aperture bridges items with different nets
    Rule: board setup solder mask min width; error
    @(99.8905 mm, 129.9500 mm): NPTH pad of SW26
    @(98.4904 mm, 127.5251 mm): Pad 2 [Net-(D26-Pad2)] of SW26 on F.Cu
[solder_mask_bridge]: Rear solder mask aperture bridges items with different nets
    Rule: board setup solder mask min width; error
    @(99.8905 mm, 129.9500 mm): NPTH pad of SW26
    @(101.2905 mm, 132.3749 mm): Pad 2 [Net-(D26-Pad2)] of SW26 on B.Cu
[solder_mask_bridge]: Rear solder mask aperture bridges items with different nets
    Rule: board setup solder mask min width; error
    @(104.2957 mm, 133.1801 mm): NPTH pad of SW26
    @(101.2905 mm, 132.3749 mm): Pad 2 [Net-(D26-Pad2)] of SW26 on B.Cu
[solder_mask_bridge]: Front solder mask aperture bridges items with different nets
    Rule: board setup solder mask min width; error
    @(172.6000 mm, 89.4000 mm): NPTH pad of SW16
    @(174.8000 mm, 91.6000 mm): Pad 2 [Net-(D16-Pad2)] of SW16 on F.Cu
[solder_mask_bridge]: Rear solder mask aperture bridges items with different nets
    Rule: board setup solder mask min width; error
    @(177.6000 mm, 91.6000 mm): NPTH pad of SW16
    @(180.4000 mm, 91.6000 mm): Pad 2 [Net-(D16-Pad2)] of SW16 on B.Cu
[solder_mask_bridge]: Rear solder mask aperture bridges items with different nets
    Rule: board setup solder mask min width; error
    @(182.6000 mm, 89.4000 mm): NPTH pad of SW16
    @(180.4000 mm, 91.6000 mm): Pad 2 [Net-(D16-Pad2)] of SW16 on B.Cu
[solder_mask_bridge]: Rear solder mask aperture bridges items with different nets
    Rule: board setup solder mask min width; error
    @(84.0500 mm, 42.6000 mm): PTH pad 3 [Net-(J2-Pad3)] of J2
    @(83.0000 mm, 37.0000 mm): Zone [GND] on B.Cu, priority 0
[solder_mask_bridge]: Front solder mask aperture bridges items with different nets
    Rule: board setup solder mask min width; error
    @(191.7000 mm, 94.2000 mm): NPTH pad of SW17
    @(193.9000 mm, 96.4000 mm): Pad 2 [Net-(D17-Pad2)] of SW17 on F.Cu
[solder_mask_bridge]: Rear solder mask aperture bridges items with different nets
    Rule: board setup solder mask min width; error
    @(196.7000 mm, 96.4000 mm): NPTH pad of SW17
    @(199.5000 mm, 96.4000 mm): Pad 2 [Net-(D17-Pad2)] of SW17 on B.Cu
[solder_mask_bridge]: Rear solder mask aperture bridges items with different nets
    Rule: board setup solder mask min width; error
    @(201.7000 mm, 94.2000 mm): NPTH pad of SW17
    @(199.5000 mm, 96.4000 mm): Pad 2 [Net-(D17-Pad2)] of SW17 on B.Cu
[solder_mask_bridge]: Front solder mask aperture bridges items with different nets
    Rule: board setup solder mask min width; error
    @(210.7000 mm, 95.7000 mm): NPTH pad of SW18
    @(212.9000 mm, 97.9000 mm): Pad 2 [Net-(D18-Pad2)] of SW18 on F.Cu
[solder_mask_bridge]: Rear solder mask aperture bridges items with different nets
    Rule: board setup solder mask min width; error
    @(215.7000 mm, 97.9000 mm): NPTH pad of SW18
    @(218.5000 mm, 97.9000 mm): Pad 2 [Net-(D18-Pad2)] of SW18 on B.Cu
[solder_mask_bridge]: Front solder mask aperture bridges items with different nets
    Rule: board setup solder mask min width; error
    @(125.0000 mm, 129.7000 mm): NPTH pad of SW27
    @(127.2000 mm, 131.9000 mm): Pad 2 [Net-(D27-Pad2)] of SW27 on F.Cu
[solder_mask_bridge]: Rear solder mask aperture bridges items with different nets
    Rule: board setup solder mask min width; error
    @(220.7000 mm, 95.7000 mm): NPTH pad of SW18
    @(218.5000 mm, 97.9000 mm): Pad 2 [Net-(D18-Pad2)] of SW18 on B.Cu
[solder_mask_bridge]: Front solder mask aperture bridges items with different nets
    Rule: board setup solder mask min width; error
    @(196.3748 mm, 99.3750 mm): Track [row2] on F.Cu, length 5.2498 mm
    @(192.3000 mm, 98.3000 mm): PTH pad 2 [Net-(D17-Pad2)] of D17
[solder_mask_bridge]: Rear solder mask aperture bridges items with different nets
    Rule: board setup solder mask min width; error
    @(130.0000 mm, 131.9000 mm): NPTH pad of SW27
    @(132.8000 mm, 131.9000 mm): Pad 2 [Net-(D27-Pad2)] of SW27 on B.Cu
[solder_mask_bridge]: Front solder mask aperture bridges items with different nets
    Rule: board setup solder mask min width; error
    @(115.5000 mm, 110.8000 mm): NPTH pad of SW19
    @(117.7000 mm, 113.0000 mm): Pad 2 [Net-(D19-Pad2)] of SW19 on F.Cu
[solder_mask_bridge]: Rear solder mask aperture bridges items with different nets
    Rule: board setup solder mask min width; error
    @(135.0000 mm, 129.7000 mm): NPTH pad of SW27
    @(132.8000 mm, 131.9000 mm): Pad 2 [Net-(D27-Pad2)] of SW27 on B.Cu
[solder_mask_bridge]: Rear solder mask aperture bridges items with different nets
    Rule: board setup solder mask min width; error
    @(120.5000 mm, 113.0000 mm): NPTH pad of SW19
    @(123.3000 mm, 113.0000 mm): Pad 2 [Net-(D19-Pad2)] of SW19 on B.Cu
[solder_mask_bridge]: Front solder mask aperture bridges items with different nets
    Rule: board setup solder mask min width; error
    @(90.0000 mm, 42.6000 mm): PTH pad 3 [Net-(J2-Pad3)] of J2
    @(83.0000 mm, 37.0000 mm): Zone [GND] on F.Cu, priority 0
[solder_mask_bridge]: Rear solder mask aperture bridges items with different nets
    Rule: board setup solder mask min width; error
    @(125.5000 mm, 110.8000 mm): NPTH pad of SW19
    @(123.3000 mm, 113.0000 mm): Pad 2 [Net-(D19-Pad2)] of SW19 on B.Cu
[solder_mask_bridge]: Front solder mask aperture bridges items with different nets
    Rule: board setup solder mask min width; error
    @(115.5000 mm, 53.7000 mm): NPTH pad of SW1
    @(117.7000 mm, 55.9000 mm): Pad 2 [Net-(D1-Pad2)] of SW1 on F.Cu
[solder_mask_bridge]: Front solder mask aperture bridges items with different nets
    Rule: board setup solder mask min width; error
    @(144.0000 mm, 127.4500 mm): NPTH pad of SW28
    @(146.2000 mm, 129.6500 mm): Pad 2 [Net-(D28-Pad2)] of SW28 on F.Cu
[solder_mask_bridge]: Rear solder mask aperture bridges items with different nets
    Rule: board setup solder mask min width; error
    @(149.0000 mm, 129.6500 mm): NPTH pad of SW28
    @(151.8000 mm, 129.6500 mm): Pad 2 [Net-(D28-Pad2)] of SW28 on B.Cu
[solder_mask_bridge]: Rear solder mask aperture bridges items with different nets
    Rule: board setup solder mask min width; error
    @(154.0000 mm, 127.4500 mm): NPTH pad of SW28
    @(151.8000 mm, 129.6500 mm): Pad 2 [Net-(D28-Pad2)] of SW28 on B.Cu
[solder_mask_bridge]: Rear solder mask aperture bridges items with different nets
    Rule: board setup solder mask min width; error
    @(120.5000 mm, 55.9000 mm): NPTH pad of SW1
    @(123.3000 mm, 55.9000 mm): Pad 2 [Net-(D1-Pad2)] of SW1 on B.Cu
[solder_mask_bridge]: Rear solder mask aperture bridges items with different nets
    Rule: board setup solder mask min width; error
    @(125.5000 mm, 53.7000 mm): NPTH pad of SW1
    @(123.3000 mm, 55.9000 mm): Pad 2 [Net-(D1-Pad2)] of SW1 on B.Cu
[solder_mask_bridge]: Front solder mask aperture bridges items with different nets
    Rule: board setup solder mask min width; error
    @(163.1000 mm, 127.4500 mm): NPTH pad of SW29
    @(165.3000 mm, 129.6500 mm): Pad 2 [Net-(D29-Pad2)] of SW29 on F.Cu
[solder_mask_bridge]: Rear solder mask aperture bridges items with different nets
    Rule: board setup solder mask min width; error
    @(168.1000 mm, 129.6500 mm): NPTH pad of SW29
    @(170.9000 mm, 129.6500 mm): Pad 2 [Net-(D29-Pad2)] of SW29 on B.Cu
[solder_mask_bridge]: Rear solder mask aperture bridges items with different nets
    Rule: board setup solder mask min width; error
    @(90.0000 mm, 42.6000 mm): PTH pad 3 [Net-(J2-Pad3)] of J2
    @(83.0000 mm, 37.0000 mm): Zone [GND] on B.Cu, priority 0
[solder_mask_bridge]: Front solder mask aperture bridges items with different nets
    Rule: board setup solder mask min width; error
    @(168.3250 mm, 94.3250 mm): Track [row3] on F.Cu, length 16.3500 mm
    @(154.2000 mm, 95.4000 mm): PTH pad 2 [Net-(D21-Pad2)] of D21
[solder_mask_bridge]: Rear solder mask aperture bridges items with different nets
    Rule: board setup solder mask min width; error
    @(173.1000 mm, 127.4500 mm): NPTH pad of SW29
    @(170.9000 mm, 129.6500 mm): Pad 2 [Net-(D29-Pad2)] of SW29 on B.Cu
[solder_mask_bridge]: Front solder mask aperture bridges items with different nets
    Rule: board setup solder mask min width; error
    @(134.5000 mm, 51.3000 mm): NPTH pad of SW2
    @(136.7000 mm, 53.5000 mm): Pad 2 [Net-(D2-Pad2)] of SW2 on F.Cu
[solder_mask_bridge]: Front solder mask aperture bridges items with different nets
    Rule: board setup solder mask min width; error
    @(89.2155 mm, 60.1845 mm): Track [Net-(J2-Pad3)] on F.Cu, length 0.2004 mm
    @(89.0000 mm, 60.7000 mm): Pad [<no net>] of W1 on F.Cu
[solder_mask_bridge]: Rear solder mask aperture bridges items with different nets
    Rule: board setup solder mask min width; error
    @(139.5000 mm, 53.5000 mm): NPTH pad of SW2
    @(142.3000 mm, 53.5000 mm): Pad 2 [Net-(D2-Pad2)] of SW2 on B.Cu
[solder_mask_bridge]: Front solder mask aperture bridges items with different nets
    Rule: board setup solder mask min width; error
    @(90.3000 mm, 59.1000 mm): Track [Net-(J2-Pad3)] on F.Cu, length 1.5337 mm
    @(89.0000 mm, 60.7000 mm): Pad [<no net>] of W1 on F.Cu
[solder_mask_bridge]: Rear solder mask aperture bridges items with different nets
    Rule: board setup solder mask min width; error
    @(85.8000 mm, 51.1000 mm): PTH pad 4 [Net-(J2-Pad4)] of J2
    @(83.0000 mm, 37.0000 mm): Zone [GND] on B.Cu, priority 0
[solder_mask_bridge]: Rear solder mask aperture bridges items with different nets
    Rule: board setup solder mask min width; error
    @(144.5000 mm, 51.3000 mm): NPTH pad of SW2
    @(142.3000 mm, 53.5000 mm): Pad 2 [Net-(D2-Pad2)] of SW2 on B.Cu
[solder_mask_bridge]: Rear solder mask aperture bridges items with different nets
    Rule: board setup solder mask min width; error
    @(90.9000 mm, 43.4000 mm): Track [Net-(J2-Pad3)] on B.Cu, length 15.1000 mm
    @(90.0000 mm, 49.6000 mm): PTH pad 1 [VCC] of J2
[solder_mask_bridge]: Rear solder mask aperture bridges items with different nets
    Rule: board setup solder mask min width; error
    @(90.9000 mm, 43.4000 mm): Track [Net-(J2-Pad3)] on B.Cu, length 15.1000 mm
    @(90.0000 mm, 45.6000 mm): PTH pad 2 [GND] of J2
[solder_mask_bridge]: Front solder mask aperture bridges items with different nets
    Rule: board setup solder mask min width; error
    @(96.7000 mm, 69.8004 mm): Pad 1 [Net-(J3-Pad1)] of JP4 on F.Cu
    @(96.7000 mm, 68.7996 mm): Pad 2 [SDA] of JP4 on F.Cu
[solder_mask_bridge]: Front solder mask aperture bridges items with different nets
    Rule: board setup solder mask min width; error
    @(153.6000 mm, 49.9100 mm): NPTH pad of SW3
    @(155.8000 mm, 52.1100 mm): Pad 2 [Net-(D3-Pad2)] of SW3 on F.Cu
[solder_mask_bridge]: Front solder mask aperture bridges items with different nets
    Rule: board setup solder mask min width; error
    @(87.8235 mm, 59.6765 mm): Track [Net-(J2-Pad4)] on F.Cu, length 2.0719 mm
    @(86.9000 mm, 60.7000 mm): PTH pad 1 [Net-(J2-Pad3)] of P2
[solder_mask_bridge]: Front solder mask aperture bridges items with different nets
    Rule: board setup solder mask min width; error
    @(96.7000 mm, 69.8004 mm): Pad 1 [Net-(J3-Pad1)] of JP4 on F.Cu
    @(83.0000 mm, 37.0000 mm): Zone [GND] on F.Cu, priority 0
[solder_mask_bridge]: Rear solder mask aperture bridges items with different nets
    Rule: board setup solder mask min width; error
    @(88.2500 mm, 51.1000 mm): PTH pad 4 [Net-(J2-Pad4)] of J2
    @(83.0000 mm, 37.0000 mm): Zone [GND] on B.Cu, priority 0
[solder_mask_bridge]: Rear solder mask aperture bridges items with different nets
    Rule: board setup solder mask min width; error
    @(158.6000 mm, 52.1100 mm): NPTH pad of SW3
    @(161.4000 mm, 52.1100 mm): Pad 2 [Net-(D3-Pad2)] of SW3 on B.Cu
[solder_mask_bridge]: Rear solder mask aperture bridges items with different nets
    Rule: board setup solder mask min width; error
    @(163.6000 mm, 49.9100 mm): NPTH pad of SW3
    @(161.4000 mm, 52.1100 mm): Pad 2 [Net-(D3-Pad2)] of SW3 on B.Cu
[solder_mask_bridge]: Front solder mask aperture bridges items with different nets
    Rule: board setup solder mask min width; error
    @(96.7000 mm, 68.7996 mm): Pad 2 [SDA] of JP4 on F.Cu
    @(83.0000 mm, 37.0000 mm): Zone [GND] on F.Cu, priority 0
[solder_mask_bridge]: Front solder mask aperture bridges items with different nets
    Rule: board setup solder mask min width; error
    @(172.6000 mm, 51.3000 mm): NPTH pad of SW4
    @(174.8000 mm, 53.5000 mm): Pad 2 [Net-(D4-Pad2)] of SW4 on F.Cu
[solder_mask_bridge]: Rear solder mask aperture bridges items with different nets
    Rule: board setup solder mask min width; error
    @(101.7000 mm, 69.8004 mm): Pad 1 [Net-(J3-Pad3)] of JP6 on B.Cu
    @(101.7000 mm, 68.7996 mm): Pad 2 [SCL] of JP6 on B.Cu
[solder_mask_bridge]: Rear solder mask aperture bridges items with different nets
    Rule: board setup solder mask min width; error
    @(99.2000 mm, 69.8004 mm): Pad 1 [Net-(J3-Pad2)] of JP7 on B.Cu
    @(99.2000 mm, 68.7996 mm): Pad 2 [VCC] of JP7 on B.Cu
[solder_mask_bridge]: Rear solder mask aperture bridges items with different nets
    Rule: board setup solder mask min width; error
    @(177.6000 mm, 53.5000 mm): NPTH pad of SW4
    @(180.4000 mm, 53.5000 mm): Pad 2 [Net-(D4-Pad2)] of SW4 on B.Cu
[solder_mask_bridge]: Front solder mask aperture bridges items with different nets
    Rule: board setup solder mask min width; error
    @(89.0000 mm, 61.2159 mm): Track [DATA] on F.Cu, length 0.3159 mm
    @(89.0000 mm, 60.7000 mm): Pad [<no net>] of W1 on F.Cu
[solder_mask_bridge]: Rear solder mask aperture bridges items with different nets
    Rule: board setup solder mask min width; error
    @(99.2000 mm, 69.8004 mm): Pad 1 [Net-(J3-Pad2)] of JP7 on B.Cu
    @(83.0000 mm, 37.0000 mm): Zone [GND] on B.Cu, priority 0
[solder_mask_bridge]: Rear solder mask aperture bridges items with different nets
    Rule: board setup solder mask min width; error
    @(182.6000 mm, 51.3000 mm): NPTH pad of SW4
    @(180.4000 mm, 53.5000 mm): Pad 2 [Net-(D4-Pad2)] of SW4 on B.Cu
[solder_mask_bridge]: Rear solder mask aperture bridges items with different nets
    Rule: board setup solder mask min width; error
    @(99.2000 mm, 68.7996 mm): Pad 2 [VCC] of JP7 on B.Cu
    @(83.0000 mm, 37.0000 mm): Zone [GND] on B.Cu, priority 0
[solder_mask_bridge]: Rear solder mask aperture bridges items with different nets
    Rule: board setup solder mask min width; error
    @(96.7000 mm, 69.8004 mm): Pad 1 [Net-(J3-Pad1)] of JP8 on B.Cu
    @(96.7000 mm, 68.7996 mm): Pad 2 [GND] of JP8 on B.Cu
[solder_mask_bridge]: Front solder mask aperture bridges items with different nets
    Rule: board setup solder mask min width; error
    @(191.7000 mm, 56.1000 mm): NPTH pad of SW5
    @(193.9000 mm, 58.3000 mm): Pad 2 [Net-(D5-Pad2)] of SW5 on F.Cu
[solder_mask_bridge]: Rear solder mask aperture bridges items with different nets
    Rule: board setup solder mask min width; error
    @(96.7000 mm, 69.8004 mm): Pad 1 [Net-(J3-Pad1)] of JP8 on B.Cu
    @(83.0000 mm, 37.0000 mm): Zone [GND] on B.Cu, priority 0
[solder_mask_bridge]: Rear solder mask aperture bridges items with different nets
    Rule: board setup solder mask min width; error
    @(104.3000 mm, 69.8004 mm): Pad 1 [Net-(J3-Pad4)] of JP5 on B.Cu
    @(104.3000 mm, 68.7996 mm): Pad 2 [SDA] of JP5 on B.Cu
[solder_mask_bridge]: Rear solder mask aperture bridges items with different nets
    Rule: board setup solder mask min width; error
    @(196.7000 mm, 58.3000 mm): NPTH pad of SW5
    @(199.5000 mm, 58.3000 mm): Pad 2 [Net-(D5-Pad2)] of SW5 on B.Cu
[solder_mask_bridge]: Rear solder mask aperture bridges items with different nets
    Rule: board setup solder mask min width; error
    @(201.7000 mm, 56.1000 mm): NPTH pad of SW5
    @(199.5000 mm, 58.3000 mm): Pad 2 [Net-(D5-Pad2)] of SW5 on B.Cu
[solder_mask_bridge]: Rear solder mask aperture bridges items with different nets
    Rule: board setup solder mask min width; error
    @(104.3000 mm, 69.8004 mm): Pad 1 [Net-(J3-Pad4)] of JP5 on B.Cu
    @(83.0000 mm, 37.0000 mm): Zone [GND] on B.Cu, priority 0
[solder_mask_bridge]: Front solder mask aperture bridges items with different nets
    Rule: board setup solder mask min width; error
    @(210.7000 mm, 57.6000 mm): NPTH pad of SW6
    @(212.9000 mm, 59.8000 mm): Pad 2 [Net-(D6-Pad2)] of SW6 on F.Cu
[solder_mask_bridge]: Rear solder mask aperture bridges items with different nets
    Rule: board setup solder mask min width; error
    @(215.7000 mm, 59.8000 mm): NPTH pad of SW6
    @(218.5000 mm, 59.8000 mm): Pad 2 [Net-(D6-Pad2)] of SW6 on B.Cu
[solder_mask_bridge]: Rear solder mask aperture bridges items with different nets
    Rule: board setup solder mask min width; error
    @(220.7000 mm, 57.6000 mm): NPTH pad of SW6
    @(218.5000 mm, 59.8000 mm): Pad 2 [Net-(D6-Pad2)] of SW6 on B.Cu
[solder_mask_bridge]: Rear solder mask aperture bridges items with different nets
    Rule: board setup solder mask min width; error
    @(104.3000 mm, 68.7996 mm): Pad 2 [SDA] of JP5 on B.Cu
    @(83.0000 mm, 37.0000 mm): Zone [GND] on B.Cu, priority 0
[solder_mask_bridge]: Rear solder mask aperture bridges items with different nets
    Rule: board setup solder mask min width; error
    @(218.5000 mm, 59.8000 mm): Pad 2 [Net-(D6-Pad2)] of SW6 on B.Cu
    @(220.1000 mm, 61.8000 mm): PTH pad 1 [row0] of D6
[solder_mask_bridge]: Front solder mask aperture bridges items with different nets
    Rule: board setup solder mask min width; error
    @(115.5000 mm, 72.8000 mm): NPTH pad of SW7
    @(117.7000 mm, 75.0000 mm): Pad 2 [Net-(D7-Pad2)] of SW7 on F.Cu
[solder_mask_bridge]: Front solder mask aperture bridges items with different nets
    Rule: board setup solder mask min width; error
    @(92.1800 mm, 41.2300 mm): PTH pad 1 [LED] of U1
    @(93.4788 mm, 42.4257 mm): PTH pad 24 [Net-(U1-Pad24)] of U1
[solder_mask_bridge]: Rear solder mask aperture bridges items with different nets
    Rule: board setup solder mask min width; error
    @(120.5000 mm, 75.0000 mm): NPTH pad of SW7
    @(123.3000 mm, 75.0000 mm): Pad 2 [Net-(D7-Pad2)] of SW7 on B.Cu
[solder_mask_bridge]: Rear solder mask aperture bridges items with different nets
    Rule: board setup solder mask min width; error
    @(125.5000 mm, 72.8000 mm): NPTH pad of SW7
    @(123.3000 mm, 75.0000 mm): Pad 2 [Net-(D7-Pad2)] of SW7 on B.Cu
[solder_mask_bridge]: Rear solder mask aperture bridges items with different nets
    Rule: board setup solder mask min width; error
    @(92.1800 mm, 41.2300 mm): PTH pad 1 [LED] of U1
    @(93.4788 mm, 42.4257 mm): PTH pad 24 [Net-(U1-Pad24)] of U1
[solder_mask_bridge]: Front solder mask aperture bridges items with different nets
    Rule: board setup solder mask min width; error
    @(108.7188 mm, 42.4257 mm): PTH pad 1 [LED] of U1
    @(107.4200 mm, 43.7700 mm): PTH pad 23 [GND] of U1
[solder_mask_bridge]: Front solder mask aperture bridges items with different nets
    Rule: board setup solder mask min width; error
    @(108.7188 mm, 42.4257 mm): PTH pad 1 [LED] of U1
    @(107.4200 mm, 41.2300 mm): PTH pad 24 [Net-(U1-Pad24)] of U1
[solder_mask_bridge]: Rear solder mask aperture bridges items with different nets
    Rule: board setup solder mask min width; error
    @(108.7188 mm, 42.4257 mm): PTH pad 1 [LED] of U1
    @(107.4200 mm, 43.7700 mm): PTH pad 23 [GND] of U1
[solder_mask_bridge]: Rear solder mask aperture bridges items with different nets
    Rule: board setup solder mask min width; error
    @(108.7188 mm, 42.4257 mm): PTH pad 1 [LED] of U1
    @(107.4200 mm, 41.2300 mm): PTH pad 24 [Net-(U1-Pad24)] of U1
[solder_mask_bridge]: Front solder mask aperture bridges items with different nets
    Rule: board setup solder mask min width; error
    @(92.1800 mm, 43.7700 mm): PTH pad 2 [DATA] of U1
    @(93.4788 mm, 42.4257 mm): PTH pad 24 [Net-(U1-Pad24)] of U1
[solder_mask_bridge]: Front solder mask aperture bridges items with different nets
    Rule: board setup solder mask min width; error
    @(92.1800 mm, 43.7700 mm): PTH pad 2 [DATA] of U1
    @(93.4788 mm, 44.9657 mm): PTH pad 23 [GND] of U1
[solder_mask_bridge]: Rear solder mask aperture bridges items with different nets
    Rule: board setup solder mask min width; error
    @(92.1800 mm, 43.7700 mm): PTH pad 2 [DATA] of U1
    @(93.4788 mm, 42.4257 mm): PTH pad 24 [Net-(U1-Pad24)] of U1
[solder_mask_bridge]: Rear solder mask aperture bridges items with different nets
    Rule: board setup solder mask min width; error
    @(92.1800 mm, 43.7700 mm): PTH pad 2 [DATA] of U1
    @(93.4788 mm, 44.9657 mm): PTH pad 23 [GND] of U1
[solder_mask_bridge]: Front solder mask aperture bridges items with different nets
    Rule: board setup solder mask min width; error
    @(134.5000 mm, 70.4000 mm): NPTH pad of SW8
    @(136.7000 mm, 72.6000 mm): Pad 2 [Net-(D8-Pad2)] of SW8 on F.Cu
[solder_mask_bridge]: Front solder mask aperture bridges items with different nets
    Rule: board setup solder mask min width; error
    @(108.7188 mm, 44.9657 mm): PTH pad 2 [DATA] of U1
    @(107.4200 mm, 43.7700 mm): PTH pad 23 [GND] of U1
[solder_mask_bridge]: Rear solder mask aperture bridges items with different nets
    Rule: board setup solder mask min width; error
    @(139.5000 mm, 72.6000 mm): NPTH pad of SW8
    @(142.3000 mm, 72.6000 mm): Pad 2 [Net-(D8-Pad2)] of SW8 on B.Cu
[solder_mask_bridge]: Front solder mask aperture bridges items with different nets
    Rule: board setup solder mask min width; error
    @(108.7188 mm, 44.9657 mm): PTH pad 2 [DATA] of U1
    @(107.4200 mm, 46.3100 mm): PTH pad 22 [RESET] of U1
[solder_mask_bridge]: Rear solder mask aperture bridges items with different nets
    Rule: board setup solder mask min width; error
    @(144.5000 mm, 70.4000 mm): NPTH pad of SW8
    @(142.3000 mm, 72.6000 mm): Pad 2 [Net-(D8-Pad2)] of SW8 on B.Cu
[solder_mask_bridge]: Rear solder mask aperture bridges items with different nets
    Rule: board setup solder mask min width; error
    @(108.7188 mm, 44.9657 mm): PTH pad 2 [DATA] of U1
    @(107.4200 mm, 43.7700 mm): PTH pad 23 [GND] of U1
[solder_mask_bridge]: Rear solder mask aperture bridges items with different nets
    Rule: board setup solder mask min width; error
    @(108.7188 mm, 44.9657 mm): PTH pad 2 [DATA] of U1
    @(107.4200 mm, 46.3100 mm): PTH pad 22 [RESET] of U1
[solder_mask_bridge]: Front solder mask aperture bridges items with different nets
    Rule: board setup solder mask min width; error
    @(92.1800 mm, 46.3100 mm): PTH pad 3 [GND] of U1
    @(93.4788 mm, 47.5057 mm): PTH pad 22 [RESET] of U1
[solder_mask_bridge]: Rear solder mask aperture bridges items with different nets
    Rule: board setup solder mask min width; error
    @(92.1800 mm, 46.3100 mm): PTH pad 3 [GND] of U1
    @(93.4788 mm, 47.5057 mm): PTH pad 22 [RESET] of U1
[solder_mask_bridge]: Front solder mask aperture bridges items with different nets
    Rule: board setup solder mask min width; error
    @(108.7188 mm, 47.5057 mm): PTH pad 3 [GND] of U1
    @(107.4200 mm, 48.8500 mm): PTH pad 21 [VCC] of U1
[solder_mask_bridge]: Front solder mask aperture bridges items with different nets
    Rule: board setup solder mask min width; error
    @(108.7188 mm, 47.5057 mm): PTH pad 3 [GND] of U1
    @(107.4200 mm, 46.3100 mm): PTH pad 22 [RESET] of U1
[solder_mask_bridge]: Rear solder mask aperture bridges items with different nets
    Rule: board setup solder mask min width; error
    @(108.7188 mm, 47.5057 mm): PTH pad 3 [GND] of U1
    @(107.4200 mm, 48.8500 mm): PTH pad 21 [VCC] of U1
[solder_mask_bridge]: Rear solder mask aperture bridges items with different nets
    Rule: board setup solder mask min width; error
    @(108.7188 mm, 47.5057 mm): PTH pad 3 [GND] of U1
    @(107.4200 mm, 46.3100 mm): PTH pad 22 [RESET] of U1
[solder_mask_bridge]: Front solder mask aperture bridges items with different nets
    Rule: board setup solder mask min width; error
    @(92.1800 mm, 48.8500 mm): PTH pad 4 [GND] of U1
    @(93.4788 mm, 50.0457 mm): PTH pad 21 [VCC] of U1
[solder_mask_bridge]: Front solder mask aperture bridges items with different nets
    Rule: board setup solder mask min width; error
    @(92.1800 mm, 48.8500 mm): PTH pad 4 [GND] of U1
    @(93.4788 mm, 47.5057 mm): PTH pad 22 [RESET] of U1
[solder_mask_bridge]: Rear solder mask aperture bridges items with different nets
    Rule: board setup solder mask min width; error
    @(92.1800 mm, 48.8500 mm): PTH pad 4 [GND] of U1
    @(93.4788 mm, 50.0457 mm): PTH pad 21 [VCC] of U1
[solder_mask_bridge]: Rear solder mask aperture bridges items with different nets
    Rule: board setup solder mask min width; error
    @(92.1800 mm, 48.8500 mm): PTH pad 4 [GND] of U1
    @(93.4788 mm, 47.5057 mm): PTH pad 22 [RESET] of U1
[solder_mask_bridge]: Front solder mask aperture bridges items with different nets
    Rule: board setup solder mask min width; error
    @(108.7188 mm, 50.0457 mm): PTH pad 4 [GND] of U1
    @(107.4200 mm, 51.3900 mm): PTH pad 20 [Net-(U1-Pad20)] of U1
[solder_mask_bridge]: Front solder mask aperture bridges items with different nets
    Rule: board setup solder mask min width; error
    @(108.7188 mm, 50.0457 mm): PTH pad 4 [GND] of U1
    @(107.4200 mm, 48.8500 mm): PTH pad 21 [VCC] of U1
[solder_mask_bridge]: Rear solder mask aperture bridges items with different nets
    Rule: board setup solder mask min width; error
    @(108.7188 mm, 50.0457 mm): PTH pad 4 [GND] of U1
    @(107.4200 mm, 51.3900 mm): PTH pad 20 [Net-(U1-Pad20)] of U1
[solder_mask_bridge]: Rear solder mask aperture bridges items with different nets
    Rule: board setup solder mask min width; error
    @(108.7188 mm, 50.0457 mm): PTH pad 4 [GND] of U1
    @(107.4200 mm, 48.8500 mm): PTH pad 21 [VCC] of U1
[solder_mask_bridge]: Front solder mask aperture bridges items with different nets
    Rule: board setup solder mask min width; error
    @(92.1800 mm, 51.3900 mm): PTH pad 5 [SDA] of U1
    @(93.4788 mm, 50.0457 mm): PTH pad 21 [VCC] of U1
[solder_mask_bridge]: Front solder mask aperture bridges items with different nets
    Rule: board setup solder mask min width; error
    @(92.1800 mm, 51.3900 mm): PTH pad 5 [SDA] of U1
    @(93.4788 mm, 52.5857 mm): PTH pad 20 [Net-(U1-Pad20)] of U1
[solder_mask_bridge]: Rear solder mask aperture bridges items with different nets
    Rule: board setup solder mask min width; error
    @(92.1800 mm, 51.3900 mm): PTH pad 5 [SDA] of U1
    @(93.4788 mm, 50.0457 mm): PTH pad 21 [VCC] of U1
[solder_mask_bridge]: Rear solder mask aperture bridges items with different nets
    Rule: board setup solder mask min width; error
    @(92.1800 mm, 51.3900 mm): PTH pad 5 [SDA] of U1
    @(93.4788 mm, 52.5857 mm): PTH pad 20 [Net-(U1-Pad20)] of U1
[solder_mask_bridge]: Front solder mask aperture bridges items with different nets
    Rule: board setup solder mask min width; error
    @(108.7188 mm, 52.5857 mm): PTH pad 5 [SDA] of U1
    @(107.4200 mm, 53.9300 mm): PTH pad 19 [Net-(U1-Pad19)] of U1
[solder_mask_bridge]: Front solder mask aperture bridges items with different nets
    Rule: board setup solder mask min width; error
    @(108.7188 mm, 52.5857 mm): PTH pad 5 [SDA] of U1
    @(107.4200 mm, 51.3900 mm): PTH pad 20 [Net-(U1-Pad20)] of U1
[solder_mask_bridge]: Rear solder mask aperture bridges items with different nets
    Rule: board setup solder mask min width; error
    @(108.7188 mm, 52.5857 mm): PTH pad 5 [SDA] of U1
    @(107.4200 mm, 53.9300 mm): PTH pad 19 [Net-(U1-Pad19)] of U1
[solder_mask_bridge]: Rear solder mask aperture bridges items with different nets
    Rule: board setup solder mask min width; error
    @(108.7188 mm, 52.5857 mm): PTH pad 5 [SDA] of U1
    @(107.4200 mm, 51.3900 mm): PTH pad 20 [Net-(U1-Pad20)] of U1
[solder_mask_bridge]: Front solder mask aperture bridges items with different nets
    Rule: board setup solder mask min width; error
    @(92.1800 mm, 53.9300 mm): PTH pad 6 [SCL] of U1
    @(93.4788 mm, 55.1257 mm): PTH pad 19 [Net-(U1-Pad19)] of U1
[solder_mask_bridge]: Front solder mask aperture bridges items with different nets
    Rule: board setup solder mask min width; error
    @(92.1800 mm, 53.9300 mm): PTH pad 6 [SCL] of U1
    @(93.4788 mm, 52.5857 mm): PTH pad 20 [Net-(U1-Pad20)] of U1
[solder_mask_bridge]: Rear solder mask aperture bridges items with different nets
    Rule: board setup solder mask min width; error
    @(92.1800 mm, 53.9300 mm): PTH pad 6 [SCL] of U1
    @(93.4788 mm, 55.1257 mm): PTH pad 19 [Net-(U1-Pad19)] of U1
[solder_mask_bridge]: Rear solder mask aperture bridges items with different nets
    Rule: board setup solder mask min width; error
    @(92.1800 mm, 53.9300 mm): PTH pad 6 [SCL] of U1
    @(93.4788 mm, 52.5857 mm): PTH pad 20 [Net-(U1-Pad20)] of U1
[solder_mask_bridge]: Front solder mask aperture bridges items with different nets
    Rule: board setup solder mask min width; error
    @(108.7188 mm, 55.1257 mm): PTH pad 6 [SCL] of U1
    @(107.4200 mm, 56.4700 mm): PTH pad 18 [col0] of U1
[solder_mask_bridge]: Front solder mask aperture bridges items with different nets
    Rule: board setup solder mask min width; error
    @(108.7188 mm, 55.1257 mm): PTH pad 6 [SCL] of U1
    @(107.4200 mm, 53.9300 mm): PTH pad 19 [Net-(U1-Pad19)] of U1
[solder_mask_bridge]: Rear solder mask aperture bridges items with different nets
    Rule: board setup solder mask min width; error
    @(108.7188 mm, 55.1257 mm): PTH pad 6 [SCL] of U1
    @(107.4200 mm, 56.4700 mm): PTH pad 18 [col0] of U1
[solder_mask_bridge]: Rear solder mask aperture bridges items with different nets
    Rule: board setup solder mask min width; error
    @(108.7188 mm, 55.1257 mm): PTH pad 6 [SCL] of U1
    @(107.4200 mm, 53.9300 mm): PTH pad 19 [Net-(U1-Pad19)] of U1
[solder_mask_bridge]: Front solder mask aperture bridges items with different nets
    Rule: board setup solder mask min width; error
    @(92.1800 mm, 56.4700 mm): PTH pad 7 [Net-(U1-Pad7)] of U1
    @(93.4788 mm, 57.6657 mm): PTH pad 18 [col0] of U1
[solder_mask_bridge]: Front solder mask aperture bridges items with different nets
    Rule: board setup solder mask min width; error
    @(92.1800 mm, 56.4700 mm): PTH pad 7 [Net-(U1-Pad7)] of U1
    @(93.4788 mm, 55.1257 mm): PTH pad 19 [Net-(U1-Pad19)] of U1
[solder_mask_bridge]: Rear solder mask aperture bridges items with different nets
    Rule: board setup solder mask min width; error
    @(92.1800 mm, 56.4700 mm): PTH pad 7 [Net-(U1-Pad7)] of U1
    @(93.4788 mm, 57.6657 mm): PTH pad 18 [col0] of U1
[solder_mask_bridge]: Rear solder mask aperture bridges items with different nets
    Rule: board setup solder mask min width; error
    @(92.1800 mm, 56.4700 mm): PTH pad 7 [Net-(U1-Pad7)] of U1
    @(93.4788 mm, 55.1257 mm): PTH pad 19 [Net-(U1-Pad19)] of U1
[solder_mask_bridge]: Front solder mask aperture bridges items with different nets
    Rule: board setup solder mask min width; error
    @(108.7188 mm, 57.6657 mm): PTH pad 7 [Net-(U1-Pad7)] of U1
    @(107.4200 mm, 59.0100 mm): PTH pad 17 [col1] of U1
[solder_mask_bridge]: Front solder mask aperture bridges items with different nets
    Rule: board setup solder mask min width; error
    @(108.7188 mm, 57.6657 mm): PTH pad 7 [Net-(U1-Pad7)] of U1
    @(107.4200 mm, 56.4700 mm): PTH pad 18 [col0] of U1
[solder_mask_bridge]: Rear solder mask aperture bridges items with different nets
    Rule: board setup solder mask min width; error
    @(108.7188 mm, 57.6657 mm): PTH pad 7 [Net-(U1-Pad7)] of U1
    @(107.4200 mm, 59.0100 mm): PTH pad 17 [col1] of U1
[solder_mask_bridge]: Rear solder mask aperture bridges items with different nets
    Rule: board setup solder mask min width; error
    @(108.7188 mm, 57.6657 mm): PTH pad 7 [Net-(U1-Pad7)] of U1
    @(107.4200 mm, 56.4700 mm): PTH pad 18 [col0] of U1
[solder_mask_bridge]: Front solder mask aperture bridges items with different nets
    Rule: board setup solder mask min width; error
    @(92.1800 mm, 59.0100 mm): PTH pad 8 [row0] of U1
    @(93.4788 mm, 57.6657 mm): PTH pad 18 [col0] of U1
[solder_mask_bridge]: Front solder mask aperture bridges items with different nets
    Rule: board setup solder mask min width; error
    @(92.1800 mm, 59.0100 mm): PTH pad 8 [row0] of U1
    @(93.4788 mm, 60.2057 mm): PTH pad 17 [col1] of U1
[solder_mask_bridge]: Rear solder mask aperture bridges items with different nets
    Rule: board setup solder mask min width; error
    @(92.1800 mm, 59.0100 mm): PTH pad 8 [row0] of U1
    @(93.4788 mm, 57.6657 mm): PTH pad 18 [col0] of U1
[solder_mask_bridge]: Rear solder mask aperture bridges items with different nets
    Rule: board setup solder mask min width; error
    @(92.1800 mm, 59.0100 mm): PTH pad 8 [row0] of U1
    @(93.4788 mm, 60.2057 mm): PTH pad 17 [col1] of U1
[solder_mask_bridge]: Front solder mask aperture bridges items with different nets
    Rule: board setup solder mask min width; error
    @(108.7188 mm, 60.2057 mm): PTH pad 8 [row0] of U1
    @(107.4200 mm, 59.0100 mm): PTH pad 17 [col1] of U1
[solder_mask_bridge]: Front solder mask aperture bridges items with different nets
    Rule: board setup solder mask min width; error
    @(108.7188 mm, 60.2057 mm): PTH pad 8 [row0] of U1
    @(107.4200 mm, 61.5500 mm): PTH pad 16 [col2] of U1
[solder_mask_bridge]: Rear solder mask aperture bridges items with different nets
    Rule: board setup solder mask min width; error
    @(108.7188 mm, 60.2057 mm): PTH pad 8 [row0] of U1
    @(107.4200 mm, 59.0100 mm): PTH pad 17 [col1] of U1
[solder_mask_bridge]: Rear solder mask aperture bridges items with different nets
    Rule: board setup solder mask min width; error
    @(108.7188 mm, 60.2057 mm): PTH pad 8 [row0] of U1
    @(107.4200 mm, 61.5500 mm): PTH pad 16 [col2] of U1
[solder_mask_bridge]: Front solder mask aperture bridges items with different nets
    Rule: board setup solder mask min width; error
    @(92.1800 mm, 61.5500 mm): PTH pad 9 [row1] of U1
    @(93.4788 mm, 60.2057 mm): PTH pad 17 [col1] of U1
[solder_mask_bridge]: Front solder mask aperture bridges items with different nets
    Rule: board setup solder mask min width; error
    @(92.1800 mm, 61.5500 mm): PTH pad 9 [row1] of U1
    @(93.4788 mm, 62.7457 mm): PTH pad 16 [col2] of U1
[solder_mask_bridge]: Rear solder mask aperture bridges items with different nets
    Rule: board setup solder mask min width; error
    @(92.1800 mm, 61.5500 mm): PTH pad 9 [row1] of U1
    @(93.4788 mm, 60.2057 mm): PTH pad 17 [col1] of U1
[solder_mask_bridge]: Rear solder mask aperture bridges items with different nets
    Rule: board setup solder mask min width; error
    @(92.1800 mm, 61.5500 mm): PTH pad 9 [row1] of U1
    @(93.4788 mm, 62.7457 mm): PTH pad 16 [col2] of U1
[starved_thermal]: Thermal relief connection to zone incomplete (layer B.Cu; zone min spoke count 2; actual 1)
    Local override; error
    @(83.0000 mm, 37.0000 mm): Zone [GND] on B.Cu, priority 0
    @(90.0000 mm, 45.6000 mm): PTH pad 2 [GND] of J2
[starved_thermal]: Thermal relief connection to zone incomplete (layer B.Cu; zone min spoke count 2; actual 1)
    Local override; error
    @(83.0000 mm, 37.0000 mm): Zone [GND] on B.Cu, priority 0
    @(92.1800 mm, 46.3100 mm): PTH pad 3 [GND] of U1
[starved_thermal]: Thermal relief connection to zone incomplete (layer B.Cu; 1 spokes connected to isolated island)
    Local override; error
    @(83.0000 mm, 37.0000 mm): Zone [GND] on B.Cu, priority 0
    @(108.7188 mm, 47.5057 mm): PTH pad 3 [GND] of U1
[starved_thermal]: Thermal relief connection to zone incomplete (layer B.Cu; 1 spokes connected to isolated island)
    Local override; error
    @(83.0000 mm, 37.0000 mm): Zone [GND] on B.Cu, priority 0
    @(108.7188 mm, 50.0457 mm): PTH pad 4 [GND] of U1
[starved_thermal]: Thermal relief connection to zone incomplete (layer F.Cu; zone min spoke count 2; actual 1)
    Local override; error
    @(83.0000 mm, 37.0000 mm): Zone [GND] on F.Cu, priority 0
    @(90.0000 mm, 45.6000 mm): PTH pad 2 [GND] of J2
[starved_thermal]: Thermal relief connection to zone incomplete (layer B.Cu; zone min spoke count 2; actual 1)
    Local override; error
    @(83.0000 mm, 37.0000 mm): Zone [GND] on B.Cu, priority 0
    @(96.7000 mm, 68.7996 mm): Pad 2 [GND] of JP8 on B.Cu
[hole_clearance]: Hole clearance violation (board setup constraints hole clearance 0.2500 mm; actual 0.2250 mm)
    Rule: board setup constraints hole; error
    @(114.4000 mm, 94.9000 mm): Track [col5] on B.Cu, length 7.3600 mm
    @(115.5000 mm, 101.9500 mm): NPTH pad of SW19
[hole_clearance]: Hole clearance violation (board setup constraints hole clearance 0.2500 mm; actual 0.2000 mm)
    Rule: board setup constraints hole; error
    @(97.4707 mm, 122.1293 mm): Track [col4] on B.Cu, length 8.9414 mm
    @(99.2957 mm, 124.5199 mm): NPTH pad of SW26
[tracks_crossing]: Tracks crossing
    Local override; error
    @(105.3000 mm, 67.1000 mm): Track [row4] on F.Cu, length 0.0000 mm
    @(103.9632 mm, 66.4500 mm): Track [col5] on F.Cu, length 2.7690 mm
[hole_clearance]: Hole clearance violation (board setup constraints hole clearance 0.2500 mm; actual 0.2430 mm)
    Rule: board setup constraints hole; error
    @(89.3690 mm, 47.7000 mm): Track [RESET] on B.Cu, length 3.3503 mm
    @(87.9000 mm, 47.8000 mm): NPTH pad of J2
[hole_clearance]: Hole clearance violation (board setup constraints hole clearance 0.2500 mm; actual 0.2487 mm)
    Rule: board setup constraints hole; error
    @(198.7498 mm, 97.0000 mm): Track [row2] on F.Cu, length 3.3588 mm
    @(196.7000 mm, 96.4000 mm): NPTH pad of SW17
[hole_clearance]: Hole clearance violation (board setup constraints hole clearance 0.2500 mm; actual 0.2266 mm)
    Rule: board setup constraints hole; error
    @(114.4000 mm, 102.2600 mm): Track [col5] on B.Cu, length 1.1314 mm
    @(115.5000 mm, 101.9500 mm): NPTH pad of SW19
[clearance]: Clearance violation (pad clearance 0.1905 mm; actual 0.0000 mm)
    Local override; error
    @(89.0000 mm, 60.7000 mm): Pad [<no net>] of W1 on F.Cu
    @(89.0000 mm, 60.1996 mm): Pad 2 [Net-(J2-Pad3)] of W1 on F.Cu
[clearance]: Clearance violation (pad clearance 0.1905 mm; actual 0.0000 mm)
    Local override; error
    @(89.0000 mm, 60.7000 mm): Pad [<no net>] of W1 on F.Cu
    @(89.0000 mm, 61.2004 mm): Pad 1 [DATA] of W1 on F.Cu
[annular_width]: Annular width (board setup constraints min annular width 0.1000 mm; actual 0.0500 mm)
    Rule: board setup constraints; error
    @(100.4000 mm, 50.0457 mm): Via [VCC] on F.Cu - B.Cu
[annular_width]: Annular width (board setup constraints min annular width 0.1000 mm; actual 0.0500 mm)
    Rule: board setup constraints; error
    @(100.4000 mm, 68.8000 mm): Via [VCC] on F.Cu - B.Cu
[annular_width]: Annular width (board setup constraints min annular width 0.1000 mm; actual 0.0500 mm)
    Rule: board setup constraints; error
    @(109.9000 mm, 80.6000 mm): Via [VCC] on F.Cu - B.Cu
[annular_width]: Annular width (board setup constraints min annular width 0.1000 mm; actual 0.0500 mm)
    Rule: board setup constraints; error
    @(96.0500 mm, 67.8058 mm): Via [SDA] on F.Cu - B.Cu
[annular_width]: Annular width (board setup constraints min annular width 0.1000 mm; actual 0.0500 mm)
    Rule: board setup constraints; error
    @(105.6000 mm, 51.4000 mm): Via [SDA] on F.Cu - B.Cu
[annular_width]: Annular width (board setup constraints min annular width 0.1000 mm; actual 0.0500 mm)
    Rule: board setup constraints; error
    @(96.1000 mm, 51.3900 mm): Via [SDA] on F.Cu - B.Cu
[annular_width]: Annular width (board setup constraints min annular width 0.1000 mm; actual 0.0500 mm)
    Rule: board setup constraints; error
    @(103.1000 mm, 67.9000 mm): Via [SDA] on F.Cu - B.Cu
[annular_width]: Annular width (board setup constraints min annular width 0.1000 mm; actual 0.0500 mm)
    Rule: board setup constraints; error
    @(101.7000 mm, 53.9300 mm): Via [SCL] on F.Cu - B.Cu
[annular_width]: Annular width (board setup constraints min annular width 0.1000 mm; actual 0.0500 mm)
    Rule: board setup constraints; error
    @(103.0000 mm, 68.8000 mm): Via [SCL] on F.Cu - B.Cu
[annular_width]: Annular width (board setup constraints min annular width 0.1000 mm; actual 0.0500 mm)
    Rule: board setup constraints; error
    @(105.7000 mm, 54.2000 mm): Via [SCL] on F.Cu - B.Cu
[annular_width]: Annular width (board setup constraints min annular width 0.1000 mm; actual 0.0500 mm)
    Rule: board setup constraints; error
    @(96.9000 mm, 48.8000 mm): Via [GND] on F.Cu - B.Cu
[annular_width]: Annular width (board setup constraints min annular width 0.1000 mm; actual 0.0500 mm)
    Rule: board setup constraints; error
    @(96.7000 mm, 67.8000 mm): Via [GND] on F.Cu - B.Cu
[annular_width]: Annular width (board setup constraints min annular width 0.1000 mm; actual 0.0500 mm)
    Rule: board setup constraints; error
    @(109.8000 mm, 76.2000 mm): Via [GND] on F.Cu - B.Cu
[annular_width]: Annular width (board setup constraints min annular width 0.1000 mm; actual 0.0500 mm)
    Rule: board setup constraints; error
    @(96.9000 mm, 44.9657 mm): Via [GND] on F.Cu - B.Cu
[annular_width]: Annular width (board setup constraints min annular width 0.1000 mm; actual 0.0500 mm)
    Rule: board setup constraints; error
    @(90.3000 mm, 59.1000 mm): Via [Net-(J2-Pad3)] on F.Cu - B.Cu
[annular_width]: Annular width (board setup constraints min annular width 0.1000 mm; actual 0.0500 mm)
    Rule: board setup constraints; error
    @(90.2750 mm, 58.2849 mm): Via [Net-(J2-Pad4)] on F.Cu - B.Cu
[annular_width]: Annular width (board setup constraints min annular width 0.1000 mm; actual 0.0500 mm)
    Rule: board setup constraints; error
    @(105.7000 mm, 41.6000 mm): Via [LED] on F.Cu - B.Cu
[annular_width]: Annular width (board setup constraints min annular width 0.1000 mm; actual 0.0500 mm)
    Rule: board setup constraints; error
    @(105.7000 mm, 44.0000 mm): Via [DATA] on F.Cu - B.Cu
[annular_width]: Annular width (board setup constraints min annular width 0.1000 mm; actual 0.0500 mm)
    Rule: board setup constraints; error
    @(90.5000 mm, 62.4000 mm): Via [DATA] on F.Cu - B.Cu
[annular_width]: Annular width (board setup constraints min annular width 0.1000 mm; actual 0.0500 mm)
    Rule: board setup constraints; error
    @(95.1000 mm, 44.2000 mm): Via [DATA] on F.Cu - B.Cu
[annular_width]: Annular width (board setup constraints min annular width 0.1000 mm; actual 0.0500 mm)
    Rule: board setup constraints; error
    @(105.7000 mm, 56.7000 mm): Via [Net-(U1-Pad7)] on F.Cu - B.Cu
[annular_width]: Annular width (board setup constraints min annular width 0.1000 mm; actual 0.0500 mm)
    Rule: board setup constraints; error
    @(105.7000 mm, 59.0000 mm): Via [row0] on F.Cu - B.Cu
[annular_width]: Annular width (board setup constraints min annular width 0.1000 mm; actual 0.0500 mm)
    Rule: board setup constraints; error
    @(105.7000 mm, 61.9000 mm): Via [row1] on F.Cu - B.Cu
[annular_width]: Annular width (board setup constraints min annular width 0.1000 mm; actual 0.0500 mm)
    Rule: board setup constraints; error
    @(105.7000 mm, 64.0000 mm): Via [row2] on F.Cu - B.Cu
[annular_width]: Annular width (board setup constraints min annular width 0.1000 mm; actual 0.0500 mm)
    Rule: board setup constraints; error
    @(105.6000 mm, 65.2000 mm): Via [row3] on F.Cu - B.Cu
[annular_width]: Annular width (board setup constraints min annular width 0.1000 mm; actual 0.0500 mm)
    Rule: board setup constraints; error
    @(105.3278 mm, 67.0722 mm): Via [row4] on F.Cu - B.Cu
[annular_width]: Annular width (board setup constraints min annular width 0.1000 mm; actual 0.0500 mm)
    Rule: board setup constraints; error
    @(127.4000 mm, 71.4000 mm): Via [col5] on F.Cu - B.Cu
[annular_width]: Annular width (board setup constraints min annular width 0.1000 mm; actual 0.0500 mm)
    Rule: board setup constraints; error
    @(127.4000 mm, 90.4000 mm): Via [col5] on F.Cu - B.Cu
[annular_width]: Annular width (board setup constraints min annular width 0.1000 mm; actual 0.0500 mm)
    Rule: board setup constraints; error
    @(127.4000 mm, 109.4000 mm): Via [col5] on F.Cu - B.Cu
[annular_width]: Annular width (board setup constraints min annular width 0.1000 mm; actual 0.0500 mm)
    Rule: board setup constraints; error
    @(108.3000 mm, 99.8000 mm): Via [col5] on F.Cu - B.Cu
[annular_width]: Annular width (board setup constraints min annular width 0.1000 mm; actual 0.0500 mm)
    Rule: board setup constraints; error
    @(112.3000 mm, 64.1000 mm): Via [col5] on F.Cu - B.Cu
[annular_width]: Annular width (board setup constraints min annular width 0.1000 mm; actual 0.0500 mm)
    Rule: board setup constraints; error
    @(110.3000 mm, 64.1000 mm): Via [col5] on F.Cu - B.Cu
[annular_width]: Annular width (board setup constraints min annular width 0.1000 mm; actual 0.0500 mm)
    Rule: board setup constraints; error
    @(127.4000 mm, 52.3000 mm): Via [col5] on F.Cu - B.Cu
[annular_width]: Annular width (board setup constraints min annular width 0.1000 mm; actual 0.0500 mm)
    Rule: board setup constraints; error
    @(146.4000 mm, 49.9000 mm): Via [col4] on F.Cu - B.Cu
[annular_width]: Annular width (board setup constraints min annular width 0.1000 mm; actual 0.0500 mm)
    Rule: board setup constraints; error
    @(146.4000 mm, 69.0000 mm): Via [col4] on F.Cu - B.Cu
[annular_width]: Annular width (board setup constraints min annular width 0.1000 mm; actual 0.0500 mm)
    Rule: board setup constraints; error
    @(146.4000 mm, 88.0000 mm): Via [col4] on F.Cu - B.Cu
[annular_width]: Annular width (board setup constraints min annular width 0.1000 mm; actual 0.0500 mm)
    Rule: board setup constraints; error
    @(146.4000 mm, 107.1000 mm): Via [col4] on F.Cu - B.Cu
[annular_width]: Annular width (board setup constraints min annular width 0.1000 mm; actual 0.0500 mm)
    Rule: board setup constraints; error
    @(103.9000 mm, 136.9000 mm): Via [col4] on F.Cu - B.Cu
[annular_width]: Annular width (board setup constraints min annular width 0.1000 mm; actual 0.0500 mm)
    Rule: board setup constraints; error
    @(105.0000 mm, 66.0000 mm): Via [col4] on F.Cu - B.Cu
[annular_width]: Annular width (board setup constraints min annular width 0.1000 mm; actual 0.0500 mm)
    Rule: board setup constraints; error
    @(165.5000 mm, 48.5000 mm): Via [col3] on F.Cu - B.Cu
[annular_width]: Annular width (board setup constraints min annular width 0.1000 mm; actual 0.0500 mm)
    Rule: board setup constraints; error
    @(165.5000 mm, 67.6000 mm): Via [col3] on F.Cu - B.Cu
[annular_width]: Annular width (board setup constraints min annular width 0.1000 mm; actual 0.0500 mm)
    Rule: board setup constraints; error
    @(165.5000 mm, 86.7000 mm): Via [col3] on F.Cu - B.Cu
[annular_width]: Annular width (board setup constraints min annular width 0.1000 mm; actual 0.0500 mm)
    Rule: board setup constraints; error
    @(165.5000 mm, 105.7000 mm): Via [col3] on F.Cu - B.Cu
[annular_width]: Annular width (board setup constraints min annular width 0.1000 mm; actual 0.0500 mm)
    Rule: board setup constraints; error
    @(136.9000 mm, 128.3000 mm): Via [col3] on F.Cu - B.Cu
[annular_width]: Annular width (board setup constraints min annular width 0.1000 mm; actual 0.0500 mm)
    Rule: board setup constraints; error
    @(104.3000 mm, 64.5750 mm): Via [col3] on F.Cu - B.Cu
[annular_width]: Annular width (board setup constraints min annular width 0.1000 mm; actual 0.0500 mm)
    Rule: board setup constraints; error
    @(184.5000 mm, 49.9000 mm): Via [col2] on F.Cu - B.Cu
[annular_width]: Annular width (board setup constraints min annular width 0.1000 mm; actual 0.0500 mm)
    Rule: board setup constraints; error
    @(184.5000 mm, 68.9000 mm): Via [col2] on F.Cu - B.Cu
[annular_width]: Annular width (board setup constraints min annular width 0.1000 mm; actual 0.0500 mm)
    Rule: board setup constraints; error
    @(184.5000 mm, 88.0000 mm): Via [col2] on F.Cu - B.Cu
[annular_width]: Annular width (board setup constraints min annular width 0.1000 mm; actual 0.0500 mm)
    Rule: board setup constraints; error
    @(184.5000 mm, 107.1000 mm): Via [col2] on F.Cu - B.Cu
[annular_width]: Annular width (board setup constraints min annular width 0.1000 mm; actual 0.0500 mm)
    Rule: board setup constraints; error
    @(155.9000 mm, 126.1000 mm): Via [col2] on F.Cu - B.Cu
[annular_width]: Annular width (board setup constraints min annular width 0.1000 mm; actual 0.0500 mm)
    Rule: board setup constraints; error
    @(103.7000 mm, 62.7457 mm): Via [col2] on F.Cu - B.Cu
[annular_width]: Annular width (board setup constraints min annular width 0.1000 mm; actual 0.0500 mm)
    Rule: board setup constraints; error
    @(203.6000 mm, 54.7000 mm): Via [col1] on F.Cu - B.Cu
[annular_width]: Annular width (board setup constraints min annular width 0.1000 mm; actual 0.0500 mm)
    Rule: board setup constraints; error
    @(203.6000 mm, 73.6000 mm): Via [col1] on F.Cu - B.Cu
[annular_width]: Annular width (board setup constraints min annular width 0.1000 mm; actual 0.0500 mm)
    Rule: board setup constraints; error
    @(203.6000 mm, 92.8000 mm): Via [col1] on F.Cu - B.Cu
[annular_width]: Annular width (board setup constraints min annular width 0.1000 mm; actual 0.0500 mm)
    Rule: board setup constraints; error
    @(203.6000 mm, 111.8000 mm): Via [col1] on F.Cu - B.Cu
[annular_width]: Annular width (board setup constraints min annular width 0.1000 mm; actual 0.0500 mm)
    Rule: board setup constraints; error
    @(175.0000 mm, 126.0000 mm): Via [col1] on F.Cu - B.Cu
[annular_width]: Annular width (board setup constraints min annular width 0.1000 mm; actual 0.0500 mm)
    Rule: board setup constraints; error
    @(103.1750 mm, 60.2057 mm): Via [col1] on F.Cu - B.Cu
[annular_width]: Annular width (board setup constraints min annular width 0.1000 mm; actual 0.0500 mm)
    Rule: board setup constraints; error
    @(222.6000 mm, 56.2000 mm): Via [col0] on F.Cu - B.Cu
[annular_width]: Annular width (board setup constraints min annular width 0.1000 mm; actual 0.0500 mm)
    Rule: board setup constraints; error
    @(222.6000 mm, 75.1000 mm): Via [col0] on F.Cu - B.Cu
[annular_width]: Annular width (board setup constraints min annular width 0.1000 mm; actual 0.0500 mm)
    Rule: board setup constraints; error
    @(222.6000 mm, 94.3000 mm): Via [col0] on F.Cu - B.Cu
[annular_width]: Annular width (board setup constraints min annular width 0.1000 mm; actual 0.0500 mm)
    Rule: board setup constraints; error
    @(222.6000 mm, 113.3000 mm): Via [col0] on F.Cu - B.Cu
[annular_width]: Annular width (board setup constraints min annular width 0.1000 mm; actual 0.0500 mm)
    Rule: board setup constraints; error
    @(102.6750 mm, 57.6657 mm): Via [col0] on F.Cu - B.Cu
[annular_width]: Annular width (board setup constraints min annular width 0.1000 mm; actual 0.0500 mm)
    Rule: board setup constraints; error
    @(90.0000 mm, 47.7000 mm): Via [RESET] on F.Cu - B.Cu
[annular_width]: Annular width (board setup constraints min annular width 0.1000 mm; actual 0.0500 mm)
    Rule: board setup constraints; error
    @(123.3000 mm, 53.5000 mm): Via [Net-(D1-Pad2)] on F.Cu - B.Cu
[annular_width]: Annular width (board setup constraints min annular width 0.1000 mm; actual 0.0500 mm)
    Rule: board setup constraints; error
    @(142.3000 mm, 51.0000 mm): Via [Net-(D2-Pad2)] on F.Cu - B.Cu
[annular_width]: Annular width (board setup constraints min annular width 0.1000 mm; actual 0.0500 mm)
    Rule: board setup constraints; error
    @(161.4000 mm, 49.6000 mm): Via [Net-(D3-Pad2)] on F.Cu - B.Cu
[annular_width]: Annular width (board setup constraints min annular width 0.1000 mm; actual 0.0500 mm)
    Rule: board setup constraints; error
    @(180.4000 mm, 51.0000 mm): Via [Net-(D4-Pad2)] on F.Cu - B.Cu
[annular_width]: Annular width (board setup constraints min annular width 0.1000 mm; actual 0.0500 mm)
    Rule: board setup constraints; error
    @(199.5000 mm, 55.8000 mm): Via [Net-(D5-Pad2)] on F.Cu - B.Cu
[annular_width]: Annular width (board setup constraints min annular width 0.1000 mm; actual 0.0500 mm)
    Rule: board setup constraints; error
    @(218.5000 mm, 57.2000 mm): Via [Net-(D6-Pad2)] on F.Cu - B.Cu
[annular_width]: Annular width (board setup constraints min annular width 0.1000 mm; actual 0.0500 mm)
    Rule: board setup constraints; error
    @(127.5000 mm, 63.0000 mm): Via [Net-(D7-Pad2)] on F.Cu - B.Cu
[annular_width]: Annular width (board setup constraints min annular width 0.1000 mm; actual 0.0500 mm)
    Rule: board setup constraints; error
    @(123.3000 mm, 72.6000 mm): Via [Net-(D7-Pad2)] on F.Cu - B.Cu
[annular_width]: Annular width (board setup constraints min annular width 0.1000 mm; actual 0.0500 mm)
    Rule: board setup constraints; error
    @(146.5000 mm, 61.4000 mm): Via [Net-(D8-Pad2)] on F.Cu - B.Cu
[annular_width]: Annular width (board setup constraints min annular width 0.1000 mm; actual 0.0500 mm)
    Rule: board setup constraints; error
    @(142.3000 mm, 70.2000 mm): Via [Net-(D8-Pad2)] on F.Cu - B.Cu
[annular_width]: Annular width (board setup constraints min annular width 0.1000 mm; actual 0.0500 mm)
    Rule: board setup constraints; error
    @(166.6000 mm, 60.2000 mm): Via [Net-(D9-Pad2)] on F.Cu - B.Cu
[annular_width]: Annular width (board setup constraints min annular width 0.1000 mm; actual 0.0500 mm)
    Rule: board setup constraints; error
    @(161.4000 mm, 68.7000 mm): Via [Net-(D9-Pad2)] on F.Cu - B.Cu
[annular_width]: Annular width (board setup constraints min annular width 0.1000 mm; actual 0.0500 mm)
    Rule: board setup constraints; error
    @(180.4000 mm, 70.0000 mm): Via [Net-(D10-Pad2)] on F.Cu - B.Cu
[annular_width]: Annular width (board setup constraints min annular width 0.1000 mm; actual 0.0500 mm)
    Rule: board setup constraints; error
    @(185.6000 mm, 61.5000 mm): Via [Net-(D10-Pad2)] on F.Cu - B.Cu
[annular_width]: Annular width (board setup constraints min annular width 0.1000 mm; actual 0.0500 mm)
    Rule: board setup constraints; error
    @(204.0000 mm, 66.5000 mm): Via [Net-(D11-Pad2)] on F.Cu - B.Cu
[annular_width]: Annular width (board setup constraints min annular width 0.1000 mm; actual 0.0500 mm)
    Rule: board setup constraints; error
    @(199.5000 mm, 74.7000 mm): Via [Net-(D11-Pad2)] on F.Cu - B.Cu
[annular_width]: Annular width (board setup constraints min annular width 0.1000 mm; actual 0.0500 mm)
    Rule: board setup constraints; error
    @(223.7000 mm, 67.7000 mm): Via [Net-(D12-Pad2)] on F.Cu - B.Cu
[annular_width]: Annular width (board setup constraints min annular width 0.1000 mm; actual 0.0500 mm)
    Rule: board setup constraints; error
    @(218.5000 mm, 76.2000 mm): Via [Net-(D12-Pad2)] on F.Cu - B.Cu
[annular_width]: Annular width (board setup constraints min annular width 0.1000 mm; actual 0.0500 mm)
    Rule: board setup constraints; error
    @(123.3000 mm, 91.5000 mm): Via [Net-(D13-Pad2)] on F.Cu - B.Cu
[annular_width]: Annular width (board setup constraints min annular width 0.1000 mm; actual 0.0500 mm)
    Rule: board setup constraints; error
    @(142.3000 mm, 89.3000 mm): Via [Net-(D14-Pad2)] on F.Cu - B.Cu
[annular_width]: Annular width (board setup constraints min annular width 0.1000 mm; actual 0.0500 mm)
    Rule: board setup constraints; error
    @(161.4000 mm, 87.8000 mm): Via [Net-(D15-Pad2)] on F.Cu - B.Cu
[annular_width]: Annular width (board setup constraints min annular width 0.1000 mm; actual 0.0500 mm)
    Rule: board setup constraints; error
    @(180.4000 mm, 89.1000 mm): Via [Net-(D16-Pad2)] on F.Cu - B.Cu
[annular_width]: Annular width (board setup constraints min annular width 0.1000 mm; actual 0.0500 mm)
    Rule: board setup constraints; error
    @(199.5000 mm, 93.9000 mm): Via [Net-(D17-Pad2)] on F.Cu - B.Cu
[annular_width]: Annular width (board setup constraints min annular width 0.1000 mm; actual 0.0500 mm)
    Rule: board setup constraints; error
    @(218.5000 mm, 95.3000 mm): Via [Net-(D18-Pad2)] on F.Cu - B.Cu
[annular_width]: Annular width (board setup constraints min annular width 0.1000 mm; actual 0.0500 mm)
    Rule: board setup constraints; error
    @(127.5000 mm, 101.0000 mm): Via [Net-(D19-Pad2)] on F.Cu - B.Cu
[annular_width]: Annular width (board setup constraints min annular width 0.1000 mm; actual 0.0500 mm)
    Rule: board setup constraints; error
    @(123.3000 mm, 110.5000 mm): Via [Net-(D19-Pad2)] on F.Cu - B.Cu
[annular_width]: Annular width (board setup constraints min annular width 0.1000 mm; actual 0.0500 mm)
    Rule: board setup constraints; error
    @(142.3000 mm, 108.3000 mm): Via [Net-(D20-Pad2)] on F.Cu - B.Cu
[annular_width]: Annular width (board setup constraints min annular width 0.1000 mm; actual 0.0500 mm)
    Rule: board setup constraints; error
    @(147.6000 mm, 99.7000 mm): Via [Net-(D20-Pad2)] on F.Cu - B.Cu
[annular_width]: Annular width (board setup constraints min annular width 0.1000 mm; actual 0.0500 mm)
    Rule: board setup constraints; error
    @(165.5000 mm, 96.5000 mm): Via [Net-(D21-Pad2)] on F.Cu - B.Cu
[annular_width]: Annular width (board setup constraints min annular width 0.1000 mm; actual 0.0500 mm)
    Rule: board setup constraints; error
    @(161.4000 mm, 106.9000 mm): Via [Net-(D21-Pad2)] on F.Cu - B.Cu
[annular_width]: Annular width (board setup constraints min annular width 0.1000 mm; actual 0.0500 mm)
    Rule: board setup constraints; error
    @(185.0000 mm, 100.0000 mm): Via [Net-(D22-Pad2)] on F.Cu - B.Cu
[annular_width]: Annular width (board setup constraints min annular width 0.1000 mm; actual 0.0500 mm)
    Rule: board setup constraints; error
    @(180.4000 mm, 108.2000 mm): Via [Net-(D22-Pad2)] on F.Cu - B.Cu
[annular_width]: Annular width (board setup constraints min annular width 0.1000 mm; actual 0.0500 mm)
    Rule: board setup constraints; error
    @(204.0000 mm, 104.4000 mm): Via [Net-(D23-Pad2)] on F.Cu - B.Cu
[annular_width]: Annular width (board setup constraints min annular width 0.1000 mm; actual 0.0500 mm)
    Rule: board setup constraints; error
    @(199.5000 mm, 113.1000 mm): Via [Net-(D23-Pad2)] on F.Cu - B.Cu
[annular_width]: Annular width (board setup constraints min annular width 0.1000 mm; actual 0.0500 mm)
    Rule: board setup constraints; error
    @(223.9000 mm, 105.9000 mm): Via [Net-(D24-Pad2)] on F.Cu - B.Cu
[annular_width]: Annular width (board setup constraints min annular width 0.1000 mm; actual 0.0500 mm)
    Rule: board setup constraints; error
    @(218.5000 mm, 114.6000 mm): Via [Net-(D24-Pad2)] on F.Cu - B.Cu
[annular_width]: Annular width (board setup constraints min annular width 0.1000 mm; actual 0.0500 mm)
    Rule: board setup constraints; error
    @(109.6000 mm, 92.5000 mm): Via [Net-(D25-Pad2)] on F.Cu - B.Cu
[annular_width]: Annular width (board setup constraints min annular width 0.1000 mm; actual 0.0500 mm)
    Rule: board setup constraints; error
    @(104.2000 mm, 101.0000 mm): Via [Net-(D25-Pad2)] on F.Cu - B.Cu
[annular_width]: Annular width (board setup constraints min annular width 0.1000 mm; actual 0.0500 mm)
    Rule: board setup constraints; error
    @(102.2000 mm, 130.7000 mm): Via [Net-(D26-Pad2)] on F.Cu - B.Cu
[annular_width]: Annular width (board setup constraints min annular width 0.1000 mm; actual 0.0500 mm)
    Rule: board setup constraints; error
    @(115.0000 mm, 131.7000 mm): Via [Net-(D26-Pad2)] on F.Cu - B.Cu
[annular_width]: Annular width (board setup constraints min annular width 0.1000 mm; actual 0.0500 mm)
    Rule: board setup constraints; error
    @(132.8000 mm, 129.4000 mm): Via [Net-(D27-Pad2)] on F.Cu - B.Cu
[annular_width]: Annular width (board setup constraints min annular width 0.1000 mm; actual 0.0500 mm)
    Rule: board setup constraints; error
    @(138.0000 mm, 120.9000 mm): Via [Net-(D27-Pad2)] on F.Cu - B.Cu
[annular_width]: Annular width (board setup constraints min annular width 0.1000 mm; actual 0.0500 mm)
    Rule: board setup constraints; error
    @(151.8000 mm, 127.1000 mm): Via [Net-(D28-Pad2)] on F.Cu - B.Cu
[annular_width]: Annular width (board setup constraints min annular width 0.1000 mm; actual 0.0500 mm)
    Rule: board setup constraints; error
    @(155.9000 mm, 117.0000 mm): Via [Net-(D28-Pad2)] on F.Cu - B.Cu
[annular_width]: Annular width (board setup constraints min annular width 0.1000 mm; actual 0.0500 mm)
    Rule: board setup constraints; error
    @(175.0000 mm, 117.5000 mm): Via [Net-(D29-Pad2)] on F.Cu - B.Cu
[annular_width]: Annular width (board setup constraints min annular width 0.1000 mm; actual 0.0500 mm)
    Rule: board setup constraints; error
    @(170.9000 mm, 127.3000 mm): Via [Net-(D29-Pad2)] on F.Cu - B.Cu
[silk_overlap]: Silkscreen clearance
    Rule: board setup constraints silk; warning
    @(90.9000 mm, 51.3000 mm): Segment of J2 on F.Silkscreen
    @(85.8000 mm, 51.1000 mm): PTH pad 4 [Net-(J2-Pad4)] of J2
[silk_overlap]: Silkscreen clearance
    Rule: board setup constraints silk; warning
    @(90.9000 mm, 51.3000 mm): Segment of J2 on F.Silkscreen
    @(88.2500 mm, 51.1000 mm): PTH pad 4 [Net-(J2-Pad4)] of J2
[silk_over_copper]: Silkscreen clipped by solder mask
    Local override; warning
    @(83.2000 mm, 70.7000 mm): Segment of RSW1 on F.Silkscreen
    @(85.0000 mm, 70.9500 mm): PTH pad 1 [GND] of RSW1
[silk_over_copper]: Silkscreen clipped by solder mask
    Local override; warning
    @(83.2000 mm, 64.7000 mm): Segment of RSW1 on F.Silkscreen
    @(85.0000 mm, 64.4500 mm): PTH pad 2 [RESET] of RSW1
[silk_over_copper]: Silkscreen clipped by solder mask
    Local override; warning
    @(86.7000 mm, 64.7000 mm): Segment of RSW1 on F.Silkscreen
    @(85.0000 mm, 64.4500 mm): PTH pad 2 [RESET] of RSW1
[silk_over_copper]: Silkscreen clipped by solder mask
    Local override; warning
    @(94.7488 mm, 41.1557 mm): Segment of U1 on F.Silkscreen
    @(92.1800 mm, 41.2300 mm): PTH pad 1 [LED] of U1
[silk_over_copper]: Silkscreen clipped by solder mask
    Local override; warning
    @(92.2088 mm, 38.6157 mm): Segment of U1 on F.Silkscreen
    @(92.1800 mm, 41.2300 mm): PTH pad 1 [LED] of U1
[silk_over_copper]: Silkscreen clipped by solder mask
    Local override; warning
    @(92.2088 mm, 38.6157 mm): Segment of U1 on F.Silkscreen
    @(92.1800 mm, 43.7700 mm): PTH pad 2 [DATA] of U1
[silk_over_copper]: Silkscreen clipped by solder mask
    Local override; warning
    @(92.2088 mm, 38.6157 mm): Segment of U1 on F.Silkscreen
    @(92.1800 mm, 51.3900 mm): PTH pad 5 [SDA] of U1
[silk_over_copper]: Silkscreen clipped by solder mask
    Local override; warning
    @(92.2088 mm, 38.6157 mm): Segment of U1 on F.Silkscreen
    @(92.1800 mm, 53.9300 mm): PTH pad 6 [SCL] of U1
[silk_over_copper]: Silkscreen clipped by solder mask
    Local override; warning
    @(92.2088 mm, 38.6157 mm): Segment of U1 on F.Silkscreen
    @(92.1800 mm, 56.4700 mm): PTH pad 7 [Net-(U1-Pad7)] of U1
[silk_over_copper]: Silkscreen clipped by solder mask
    Local override; warning
    @(92.2088 mm, 38.6157 mm): Segment of U1 on F.Silkscreen
    @(92.1800 mm, 59.0100 mm): PTH pad 8 [row0] of U1
[silk_over_copper]: Silkscreen clipped by solder mask
    Local override; warning
    @(92.2088 mm, 38.6157 mm): Segment of U1 on F.Silkscreen
    @(92.1800 mm, 64.0900 mm): PTH pad 10 [row2] of U1
[silk_over_copper]: Silkscreen clipped by solder mask
    Local override; warning
    @(92.2088 mm, 38.6157 mm): Segment of U1 on F.Silkscreen
    @(92.1800 mm, 61.5500 mm): PTH pad 9 [row1] of U1
[silk_over_copper]: Silkscreen clipped by solder mask
    Local override; warning
    @(92.2088 mm, 38.6157 mm): Segment of U1 on F.Silkscreen
    @(92.1800 mm, 66.6300 mm): PTH pad 11 [row3] of U1
[silk_over_copper]: Silkscreen clipped by solder mask
    Local override; warning
    @(92.2088 mm, 38.6157 mm): Segment of U1 on F.Silkscreen
    @(92.1800 mm, 46.3100 mm): PTH pad 3 [GND] of U1
[silk_over_copper]: Silkscreen clipped by solder mask
    Local override; warning
    @(92.2088 mm, 38.6157 mm): Segment of U1 on F.Silkscreen
    @(92.1800 mm, 48.8500 mm): PTH pad 4 [GND] of U1
[silk_over_copper]: Silkscreen clipped by solder mask
    Local override; warning
    @(92.2088 mm, 38.6157 mm): Segment of U1 on F.Silkscreen
    @(92.1800 mm, 69.1700 mm): PTH pad 12 [row4] of U1
[silk_over_copper]: Silkscreen clipped by solder mask
    Local override; warning
    @(109.9888 mm, 41.1557 mm): Segment of U1 on F.Silkscreen
    @(107.4200 mm, 41.2300 mm): PTH pad 24 [Net-(U1-Pad24)] of U1
[silk_over_copper]: Silkscreen clipped by solder mask
    Local override; warning
    @(92.2088 mm, 41.1557 mm): Segment of U1 on F.Silkscreen
    @(92.1800 mm, 41.2300 mm): PTH pad 1 [LED] of U1
[silk_over_copper]: Silkscreen clipped by solder mask
    Local override; warning
    @(92.2088 mm, 41.1557 mm): Segment of U1 on F.Silkscreen
    @(92.1800 mm, 43.7700 mm): PTH pad 2 [DATA] of U1
[silk_over_copper]: Silkscreen clipped by solder mask
    Local override; warning
    @(92.2088 mm, 41.1557 mm): Segment of U1 on F.Silkscreen
    @(92.1800 mm, 51.3900 mm): PTH pad 5 [SDA] of U1
[silk_over_copper]: Silkscreen clipped by solder mask
    Local override; warning
    @(92.2088 mm, 41.1557 mm): Segment of U1 on F.Silkscreen
    @(92.1800 mm, 53.9300 mm): PTH pad 6 [SCL] of U1
[silk_over_copper]: Silkscreen clipped by solder mask
    Local override; warning
    @(92.2088 mm, 41.1557 mm): Segment of U1 on F.Silkscreen
    @(92.1800 mm, 56.4700 mm): PTH pad 7 [Net-(U1-Pad7)] of U1
[silk_over_copper]: Silkscreen clipped by solder mask
    Local override; warning
    @(92.2088 mm, 41.1557 mm): Segment of U1 on F.Silkscreen
    @(92.1800 mm, 59.0100 mm): PTH pad 8 [row0] of U1
[silk_over_copper]: Silkscreen clipped by solder mask
    Local override; warning
    @(92.2088 mm, 41.1557 mm): Segment of U1 on F.Silkscreen
    @(92.1800 mm, 64.0900 mm): PTH pad 10 [row2] of U1
[silk_over_copper]: Silkscreen clipped by solder mask
    Local override; warning
    @(92.2088 mm, 41.1557 mm): Segment of U1 on F.Silkscreen
    @(92.1800 mm, 61.5500 mm): PTH pad 9 [row1] of U1
[silk_over_copper]: Silkscreen clipped by solder mask
    Local override; warning
    @(92.2088 mm, 41.1557 mm): Segment of U1 on F.Silkscreen
    @(92.1800 mm, 66.6300 mm): PTH pad 11 [row3] of U1
[silk_over_copper]: Silkscreen clipped by solder mask
    Local override; warning
    @(92.2088 mm, 41.1557 mm): Segment of U1 on F.Silkscreen
    @(92.1800 mm, 46.3100 mm): PTH pad 3 [GND] of U1
[silk_over_copper]: Silkscreen clipped by solder mask
    Local override; warning
    @(92.2088 mm, 41.1557 mm): Segment of U1 on F.Silkscreen
    @(92.1800 mm, 48.8500 mm): PTH pad 4 [GND] of U1
[silk_over_copper]: Silkscreen clipped by solder mask
    Local override; warning
    @(92.2088 mm, 41.1557 mm): Segment of U1 on F.Silkscreen
    @(92.1800 mm, 69.1700 mm): PTH pad 12 [row4] of U1
[silk_over_copper]: Silkscreen clipped by solder mask
    Local override; warning
    @(107.4488 mm, 41.1557 mm): Segment of U1 on F.Silkscreen
    @(107.4200 mm, 51.3900 mm): PTH pad 20 [Net-(U1-Pad20)] of U1
[silk_over_copper]: Silkscreen clipped by solder mask
    Local override; warning
    @(107.4488 mm, 41.1557 mm): Segment of U1 on F.Silkscreen
    @(107.4200 mm, 43.7700 mm): PTH pad 23 [GND] of U1
[silk_over_copper]: Silkscreen clipped by solder mask
    Local override; warning
    @(107.4488 mm, 41.1557 mm): Segment of U1 on F.Silkscreen
    @(107.4200 mm, 41.2300 mm): PTH pad 24 [Net-(U1-Pad24)] of U1
[silk_over_copper]: Silkscreen clipped by solder mask
    Local override; warning
    @(107.4488 mm, 41.1557 mm): Segment of U1 on F.Silkscreen
    @(107.4200 mm, 48.8500 mm): PTH pad 21 [VCC] of U1
[silk_over_copper]: Silkscreen clipped by solder mask
    Local override; warning
    @(107.4488 mm, 41.1557 mm): Segment of U1 on F.Silkscreen
    @(107.4200 mm, 46.3100 mm): PTH pad 22 [RESET] of U1
[silk_over_copper]: Silkscreen clipped by solder mask
    Local override; warning
    @(107.4488 mm, 41.1557 mm): Segment of U1 on F.Silkscreen
    @(107.4200 mm, 61.5500 mm): PTH pad 16 [col2] of U1
[silk_over_copper]: Silkscreen clipped by solder mask
    Local override; warning
    @(107.4488 mm, 41.1557 mm): Segment of U1 on F.Silkscreen
    @(107.4200 mm, 59.0100 mm): PTH pad 17 [col1] of U1
[silk_over_copper]: Silkscreen clipped by solder mask
    Local override; warning
    @(107.4488 mm, 41.1557 mm): Segment of U1 on F.Silkscreen
    @(107.4200 mm, 66.6300 mm): PTH pad 14 [col4] of U1
[silk_over_copper]: Silkscreen clipped by solder mask
    Local override; warning
    @(107.4488 mm, 41.1557 mm): Segment of U1 on F.Silkscreen
    @(107.4200 mm, 64.0900 mm): PTH pad 15 [col3] of U1
[silk_over_copper]: Silkscreen clipped by solder mask
    Local override; warning
    @(107.4488 mm, 41.1557 mm): Segment of U1 on F.Silkscreen
    @(107.4200 mm, 69.1700 mm): PTH pad 13 [col5] of U1
[silk_over_copper]: Silkscreen clipped by solder mask
    Local override; warning
    @(107.4488 mm, 41.1557 mm): Segment of U1 on F.Silkscreen
    @(107.4200 mm, 53.9300 mm): PTH pad 19 [Net-(U1-Pad19)] of U1
[silk_over_copper]: Silkscreen clipped by solder mask
    Local override; warning
    @(107.4488 mm, 41.1557 mm): Segment of U1 on F.Silkscreen
    @(107.4200 mm, 56.4700 mm): PTH pad 18 [col0] of U1
[silk_over_copper]: Silkscreen clipped by solder mask
    Local override; warning
    @(118.2000 mm, 53.6000 mm): Segment of SW1 on F.Silkscreen
    @(117.7000 mm, 55.9000 mm): Pad 2 [Net-(D1-Pad2)] of SW1 on F.Cu
[silk_over_copper]: Silkscreen clipped by solder mask
    Local override; warning
    @(127.7750 mm, 51.4000 mm): Segment of SW1 on F.Silkscreen
    @(128.6000 mm, 53.7000 mm): Pad 1 [col5] of SW1 on F.Cu
[silk_over_copper]: Silkscreen clipped by solder mask
    Local override; warning
    @(86.7000 mm, 70.7000 mm): Segment of RSW1 on F.Silkscreen
    @(85.0000 mm, 70.9500 mm): PTH pad 1 [GND] of RSW1
[silk_over_copper]: Silkscreen clipped by solder mask
    Local override; warning
    @(165.8750 mm, 47.6100 mm): Segment of SW3 on F.Silkscreen
    @(166.7000 mm, 49.9100 mm): Pad 1 [col3] of SW3 on F.Cu
[silk_over_copper]: Silkscreen clipped by solder mask
    Local override; warning
    @(175.3000 mm, 51.2000 mm): Segment of SW4 on F.Silkscreen
    @(174.8000 mm, 53.5000 mm): Pad 2 [Net-(D4-Pad2)] of SW4 on F.Cu
[silk_over_copper]: Silkscreen clipped by solder mask
    Local override; warning
    @(156.3000 mm, 68.9000 mm): Segment of SW9 on F.Silkscreen
    @(155.8000 mm, 71.2000 mm): Pad 2 [Net-(D9-Pad2)] of SW9 on F.Cu
[silk_over_copper]: Silkscreen clipped by solder mask
    Local override; warning
    @(165.8750 mm, 66.7000 mm): Segment of SW9 on F.Silkscreen
    @(166.7000 mm, 69.0000 mm): Pad 1 [col3] of SW9 on F.Cu
[silk_over_copper]: Silkscreen clipped by solder mask
    Local override; warning
    @(175.3000 mm, 70.2000 mm): Segment of SW10 on F.Silkscreen
    @(174.8000 mm, 72.5000 mm): Pad 2 [Net-(D10-Pad2)] of SW10 on F.Cu
[silk_over_copper]: Silkscreen clipped by solder mask
    Local override; warning
    @(213.4000 mm, 57.5000 mm): Segment of SW6 on F.Silkscreen
    @(212.9000 mm, 59.8000 mm): Pad 2 [Net-(D6-Pad2)] of SW6 on F.Cu
[silk_over_copper]: Silkscreen clipped by solder mask
    Local override; warning
    @(222.9750 mm, 55.3000 mm): Segment of SW6 on F.Silkscreen
    @(223.8000 mm, 57.6000 mm): Pad 1 [col0] of SW6 on F.Cu
[silk_over_copper]: Silkscreen clipped by solder mask
    Local override; warning
    @(213.4000 mm, 76.4000 mm): Segment of SW12 on F.Silkscreen
    @(212.9000 mm, 78.7000 mm): Pad 2 [Net-(D12-Pad2)] of SW12 on F.Cu
[silk_over_copper]: Silkscreen clipped by solder mask
    Local override; warning
    @(222.9750 mm, 74.2000 mm): Segment of SW12 on F.Silkscreen
    @(223.8000 mm, 76.5000 mm): Pad 1 [col0] of SW12 on F.Cu
[silk_over_copper]: Silkscreen clipped by solder mask
    Local override; warning
    @(213.4000 mm, 95.6000 mm): Segment of SW18 on F.Silkscreen
    @(212.9000 mm, 97.9000 mm): Pad 2 [Net-(D18-Pad2)] of SW18 on F.Cu
[silk_over_copper]: Silkscreen clipped by solder mask
    Local override; warning
    @(222.9750 mm, 93.4000 mm): Segment of SW18 on F.Silkscreen
    @(223.8000 mm, 95.7000 mm): Pad 1 [col0] of SW18 on F.Cu
[silk_over_copper]: Silkscreen clipped by solder mask
    Local override; warning
    @(184.8750 mm, 49.0000 mm): Segment of SW4 on F.Silkscreen
    @(185.7000 mm, 51.3000 mm): Pad 1 [col2] of SW4 on F.Cu
[silk_over_copper]: Silkscreen clipped by solder mask
    Local override; warning
    @(194.4000 mm, 56.0000 mm): Segment of SW5 on F.Silkscreen
    @(193.9000 mm, 58.3000 mm): Pad 2 [Net-(D5-Pad2)] of SW5 on F.Cu
[silk_over_copper]: Silkscreen clipped by solder mask
    Local override; warning
    @(203.9750 mm, 53.8000 mm): Segment of SW5 on F.Silkscreen
    @(204.8000 mm, 56.1000 mm): Pad 1 [col1] of SW5 on F.Cu
[silk_over_copper]: Silkscreen clipped by solder mask
    Local override; warning
    @(137.2000 mm, 51.2000 mm): Segment of SW2 on F.Silkscreen
    @(136.7000 mm, 53.5000 mm): Pad 2 [Net-(D2-Pad2)] of SW2 on F.Cu
[silk_over_copper]: Silkscreen clipped by solder mask
    Local override; warning
    @(146.7750 mm, 49.0000 mm): Segment of SW2 on F.Silkscreen
    @(147.6000 mm, 51.3000 mm): Pad 1 [col4] of SW2 on F.Cu
[silk_over_copper]: Silkscreen clipped by solder mask
    Local override; warning
    @(156.3000 mm, 49.8100 mm): Segment of SW3 on F.Silkscreen
    @(155.8000 mm, 52.1100 mm): Pad 2 [Net-(D3-Pad2)] of SW3 on F.Cu
[silk_over_copper]: Silkscreen clipped by solder mask
    Local override; warning
    @(184.8750 mm, 68.0000 mm): Segment of SW10 on F.Silkscreen
    @(185.7000 mm, 70.3000 mm): Pad 1 [col2] of SW10 on F.Cu
[silk_over_copper]: Silkscreen clipped by solder mask
    Local override; warning
    @(175.3000 mm, 89.3000 mm): Segment of SW16 on F.Silkscreen
    @(174.8000 mm, 91.6000 mm): Pad 2 [Net-(D16-Pad2)] of SW16 on F.Cu
[silk_over_copper]: Silkscreen clipped by solder mask
    Local override; warning
    @(184.8750 mm, 87.1000 mm): Segment of SW16 on F.Silkscreen
    @(185.7000 mm, 89.4000 mm): Pad 1 [col2] of SW16 on F.Cu
[silk_over_copper]: Silkscreen clipped by solder mask
    Local override; warning
    @(194.4000 mm, 74.9000 mm): Segment of SW11 on F.Silkscreen
    @(193.9000 mm, 77.2000 mm): Pad 2 [Net-(D11-Pad2)] of SW11 on F.Cu
[silk_over_copper]: Silkscreen clipped by solder mask
    Local override; warning
    @(203.9750 mm, 72.7000 mm): Segment of SW11 on F.Silkscreen
    @(204.8000 mm, 75.0000 mm): Pad 1 [col1] of SW11 on F.Cu
[silk_over_copper]: Silkscreen clipped by solder mask
    Local override; warning
    @(156.3000 mm, 88.0000 mm): Segment of SW15 on F.Silkscreen
    @(155.8000 mm, 90.3000 mm): Pad 2 [Net-(D15-Pad2)] of SW15 on F.Cu
[silk_over_copper]: Silkscreen clipped by solder mask
    Local override; warning
    @(137.2000 mm, 70.3000 mm): Segment of SW8 on F.Silkscreen
    @(136.7000 mm, 72.6000 mm): Pad 2 [Net-(D8-Pad2)] of SW8 on F.Cu
[silk_over_copper]: Silkscreen clipped by solder mask
    Local override; warning
    @(146.7750 mm, 68.1000 mm): Segment of SW8 on F.Silkscreen
    @(147.6000 mm, 70.4000 mm): Pad 1 [col4] of SW8 on F.Cu
[silk_over_copper]: Silkscreen clipped by solder mask
    Local override; warning
    @(137.2000 mm, 89.3000 mm): Segment of SW14 on F.Silkscreen
    @(136.7000 mm, 91.6000 mm): Pad 2 [Net-(D14-Pad2)] of SW14 on F.Cu
[silk_over_copper]: Silkscreen clipped by solder mask
    Local override; warning
    @(146.7750 mm, 87.1000 mm): Segment of SW14 on F.Silkscreen
    @(147.6000 mm, 89.4000 mm): Pad 1 [col4] of SW14 on F.Cu
[silk_over_copper]: Silkscreen clipped by solder mask
    Local override; warning
    @(165.8750 mm, 104.8000 mm): Segment of SW21 on F.Silkscreen
    @(166.7000 mm, 107.1000 mm): Pad 1 [col3] of SW21 on F.Cu
[silk_over_copper]: Silkscreen clipped by solder mask
    Local override; warning
    @(165.8750 mm, 85.8000 mm): Segment of SW15 on F.Silkscreen
    @(166.7000 mm, 88.1000 mm): Pad 1 [col3] of SW15 on F.Cu
[silk_over_copper]: Silkscreen clipped by solder mask
    Local override; warning
    @(194.4000 mm, 94.1000 mm): Segment of SW17 on F.Silkscreen
    @(193.9000 mm, 96.4000 mm): Pad 2 [Net-(D17-Pad2)] of SW17 on F.Cu
[silk_over_copper]: Silkscreen clipped by solder mask
    Local override; warning
    @(175.3000 mm, 108.4000 mm): Segment of SW22 on F.Silkscreen
    @(174.8000 mm, 110.7000 mm): Pad 2 [Net-(D22-Pad2)] of SW22 on F.Cu
[silk_over_copper]: Silkscreen clipped by solder mask
    Local override; warning
    @(184.8750 mm, 106.2000 mm): Segment of SW22 on F.Silkscreen
    @(185.7000 mm, 108.5000 mm): Pad 1 [col2] of SW22 on F.Cu
[silk_over_copper]: Silkscreen clipped by solder mask
    Local override; warning
    @(175.3750 mm, 125.1500 mm): Segment of SW29 on F.Silkscreen
    @(176.2000 mm, 127.4500 mm): Pad 1 [col1] of SW29 on F.Cu
[silk_over_copper]: Silkscreen clipped by solder mask
    Local override; warning
    @(203.9750 mm, 91.9000 mm): Segment of SW17 on F.Silkscreen
    @(204.8000 mm, 94.2000 mm): Pad 1 [col1] of SW17 on F.Cu
[silk_over_copper]: Silkscreen clipped by solder mask
    Local override; warning
    @(194.4000 mm, 113.1000 mm): Segment of SW23 on F.Silkscreen
    @(193.9000 mm, 115.4000 mm): Pad 2 [Net-(D23-Pad2)] of SW23 on F.Cu
[silk_over_copper]: Silkscreen clipped by solder mask
    Local override; warning
    @(203.9750 mm, 110.9000 mm): Segment of SW23 on F.Silkscreen
    @(204.8000 mm, 113.2000 mm): Pad 1 [col1] of SW23 on F.Cu
[silk_over_copper]: Silkscreen clipped by solder mask
    Local override; warning
    @(213.4500 mm, 114.6000 mm): Segment of SW24 on F.Silkscreen
    @(212.9500 mm, 116.9000 mm): Pad 2 [Net-(D24-Pad2)] of SW24 on F.Cu
[silk_over_copper]: Silkscreen clipped by solder mask
    Local override; warning
    @(223.0250 mm, 112.4000 mm): Segment of SW24 on F.Silkscreen
    @(223.8500 mm, 114.7000 mm): Pad 1 [col0] of SW24 on F.Cu
[silk_over_copper]: Silkscreen clipped by solder mask
    Local override; warning
    @(146.7750 mm, 106.2000 mm): Segment of SW20 on F.Silkscreen
    @(147.6000 mm, 108.5000 mm): Pad 1 [col4] of SW20 on F.Cu
[silk_over_copper]: Silkscreen clipped by solder mask
    Local override; warning
    @(137.2000 mm, 108.4000 mm): Segment of SW20 on F.Silkscreen
    @(136.7000 mm, 110.7000 mm): Pad 2 [Net-(D20-Pad2)] of SW20 on F.Cu
[silk_over_copper]: Silkscreen clipped by solder mask
    Local override; warning
    @(118.2000 mm, 91.7000 mm): Segment of SW13 on F.Silkscreen
    @(117.7000 mm, 94.0000 mm): Pad 2 [Net-(D13-Pad2)] of SW13 on F.Cu
[silk_over_copper]: Silkscreen clipped by solder mask
    Local override; warning
    @(108.6750 mm, 98.9000 mm): Segment of SW25 on F.Silkscreen
    @(109.5000 mm, 101.2000 mm): Pad 1 [col5] of SW25 on F.Cu
[silk_over_copper]: Silkscreen clipped by solder mask
    Local override; warning
    @(99.1000 mm, 101.1000 mm): Segment of SW25 on F.Silkscreen
    @(98.6000 mm, 103.4000 mm): Pad 2 [Net-(D25-Pad2)] of SW25 on F.Cu
[silk_over_copper]: Silkscreen clipped by solder mask
    Local override; warning
    @(118.2000 mm, 110.7000 mm): Segment of SW19 on F.Silkscreen
    @(117.7000 mm, 113.0000 mm): Pad 2 [Net-(D19-Pad2)] of SW19 on F.Cu
[silk_over_copper]: Silkscreen clipped by solder mask
    Local override; warning
    @(127.7750 mm, 108.5000 mm): Segment of SW19 on F.Silkscreen
    @(128.6000 mm, 110.8000 mm): Pad 1 [col5] of SW19 on F.Cu
[silk_over_copper]: Silkscreen clipped by solder mask
    Local override; warning
    @(100.7323 mm, 126.8081 mm): Segment of SW26 on F.Silkscreen
    @(98.4904 mm, 127.5251 mm): Pad 2 [Net-(D26-Pad2)] of SW26 on F.Cu
[silk_over_copper]: Silkscreen clipped by solder mask
    Local override; warning
    @(107.4251 mm, 134.0003 mm): Segment of SW26 on F.Silkscreen
    @(105.8457 mm, 135.8648 mm): Pad 1 [col4] of SW26 on F.Cu
[silk_over_copper]: Silkscreen clipped by solder mask
    Local override; warning
    @(127.7000 mm, 129.6000 mm): Segment of SW27 on F.Silkscreen
    @(127.2000 mm, 131.9000 mm): Pad 2 [Net-(D27-Pad2)] of SW27 on F.Cu
[silk_over_copper]: Silkscreen clipped by solder mask
    Local override; warning
    @(137.2750 mm, 127.4000 mm): Segment of SW27 on F.Silkscreen
    @(138.1000 mm, 129.7000 mm): Pad 1 [col3] of SW27 on F.Cu
[silk_over_copper]: Silkscreen clipped by solder mask
    Local override; warning
    @(146.7000 mm, 127.3500 mm): Segment of SW28 on F.Silkscreen
    @(146.2000 mm, 129.6500 mm): Pad 2 [Net-(D28-Pad2)] of SW28 on F.Cu
[silk_over_copper]: Silkscreen clipped by solder mask
    Local override; warning
    @(156.3000 mm, 107.0000 mm): Segment of SW21 on F.Silkscreen
    @(155.8000 mm, 109.3000 mm): Pad 2 [Net-(D21-Pad2)] of SW21 on F.Cu
[silk_over_copper]: Silkscreen clipped by solder mask
    Local override; warning
    @(156.2750 mm, 125.1500 mm): Segment of SW28 on F.Silkscreen
    @(157.1000 mm, 127.4500 mm): Pad 1 [col2] of SW28 on F.Cu
[silk_over_copper]: Silkscreen clipped by solder mask
    Local override; warning
    @(165.8000 mm, 127.3500 mm): Segment of SW29 on F.Silkscreen
    @(165.3000 mm, 129.6500 mm): Pad 2 [Net-(D29-Pad2)] of SW29 on F.Cu
[silk_over_copper]: Silkscreen clipped by solder mask
    Local override; warning
    @(127.7750 mm, 89.5000 mm): Segment of SW13 on F.Silkscreen
    @(128.6000 mm, 91.8000 mm): Pad 1 [col5] of SW13 on F.Cu
[silk_over_copper]: Silkscreen clipped by solder mask
    Local override; warning
    @(118.2000 mm, 72.7000 mm): Segment of SW7 on F.Silkscreen
    @(117.7000 mm, 75.0000 mm): Pad 2 [Net-(D7-Pad2)] of SW7 on F.Cu
[silk_over_copper]: Silkscreen clipped by solder mask
    Local override; warning
    @(127.7750 mm, 70.5000 mm): Segment of SW7 on F.Silkscreen
    @(128.6000 mm, 72.8000 mm): Pad 1 [col5] of SW7 on F.Cu
[silk_overlap]: Silkscreen clearance
    Rule: board setup constraints silk; warning
    @(93.4500 mm, 39.9600 mm): Segment of U1 on B.Silkscreen
    @(93.4788 mm, 42.4257 mm): PTH pad 24 [Net-(U1-Pad24)] of U1
[silk_overlap]: Silkscreen clearance
    Rule: board setup constraints silk; warning
    @(108.7188 mm, 42.4257 mm): PTH pad 1 [LED] of U1
    @(108.6900 mm, 37.4200 mm): Segment of U1 on B.Silkscreen
[silk_overlap]: Silkscreen clearance
    Rule: board setup constraints silk; warning
    @(108.6900 mm, 39.9600 mm): Segment of U1 on B.Silkscreen
    @(108.7188 mm, 42.4257 mm): PTH pad 1 [LED] of U1
[silk_overlap]: Silkscreen clearance
    Rule: board setup constraints silk; warning
    @(108.7188 mm, 44.9657 mm): PTH pad 2 [DATA] of U1
    @(108.6900 mm, 37.4200 mm): Segment of U1 on B.Silkscreen
[silk_overlap]: Silkscreen clearance
    Rule: board setup constraints silk; warning
    @(108.6900 mm, 39.9600 mm): Segment of U1 on B.Silkscreen
    @(108.7188 mm, 44.9657 mm): PTH pad 2 [DATA] of U1
[silk_overlap]: Silkscreen clearance
    Rule: board setup constraints silk; warning
    @(108.7188 mm, 47.5057 mm): PTH pad 3 [GND] of U1
    @(108.6900 mm, 37.4200 mm): Segment of U1 on B.Silkscreen
[silk_overlap]: Silkscreen clearance
    Rule: board setup constraints silk; warning
    @(108.6900 mm, 39.9600 mm): Segment of U1 on B.Silkscreen
    @(108.7188 mm, 47.5057 mm): PTH pad 3 [GND] of U1
[silk_overlap]: Silkscreen clearance
    Rule: board setup constraints silk; warning
    @(93.4788 mm, 47.5057 mm): PTH pad 22 [RESET] of U1
    @(93.4500 mm, 39.9600 mm): Segment of U1 on B.Silkscreen
[silk_overlap]: Silkscreen clearance
    Rule: board setup constraints silk; warning
    @(93.4788 mm, 44.9657 mm): PTH pad 23 [GND] of U1
    @(93.4500 mm, 39.9600 mm): Segment of U1 on B.Silkscreen
[silk_overlap]: Silkscreen clearance
    Rule: board setup constraints silk; warning
    @(93.4788 mm, 50.0457 mm): PTH pad 21 [VCC] of U1
    @(93.4500 mm, 39.9600 mm): Segment of U1 on B.Silkscreen
[silk_overlap]: Silkscreen clearance
    Rule: board setup constraints silk; warning
    @(108.6900 mm, 37.4200 mm): Segment of U1 on B.Silkscreen
    @(108.7188 mm, 50.0457 mm): PTH pad 4 [GND] of U1
[silk_overlap]: Silkscreen clearance
    Rule: board setup constraints silk; warning
    @(108.6900 mm, 39.9600 mm): Segment of U1 on B.Silkscreen
    @(108.7188 mm, 50.0457 mm): PTH pad 4 [GND] of U1
[silk_overlap]: Silkscreen clearance
    Rule: board setup constraints silk; warning
    @(108.7188 mm, 52.5857 mm): PTH pad 5 [SDA] of U1
    @(108.6900 mm, 37.4200 mm): Segment of U1 on B.Silkscreen
[silk_overlap]: Silkscreen clearance
    Rule: board setup constraints silk; warning
    @(108.6900 mm, 39.9600 mm): Segment of U1 on B.Silkscreen
    @(108.7188 mm, 52.5857 mm): PTH pad 5 [SDA] of U1
[silk_overlap]: Silkscreen clearance
    Rule: board setup constraints silk; warning
    @(108.7188 mm, 55.1257 mm): PTH pad 6 [SCL] of U1
    @(108.6900 mm, 37.4200 mm): Segment of U1 on B.Silkscreen
[silk_overlap]: Silkscreen clearance
    Rule: board setup constraints silk; warning
    @(108.6900 mm, 39.9600 mm): Segment of U1 on B.Silkscreen
    @(108.7188 mm, 55.1257 mm): PTH pad 6 [SCL] of U1
[silk_overlap]: Silkscreen clearance
    Rule: board setup constraints silk; warning
    @(108.7188 mm, 57.6657 mm): PTH pad 7 [Net-(U1-Pad7)] of U1
    @(108.6900 mm, 37.4200 mm): Segment of U1 on B.Silkscreen
[silk_overlap]: Silkscreen clearance
    Rule: board setup constraints silk; warning
    @(108.7188 mm, 57.6657 mm): PTH pad 7 [Net-(U1-Pad7)] of U1
    @(108.6900 mm, 39.9600 mm): Segment of U1 on B.Silkscreen
[silk_overlap]: Silkscreen clearance
    Rule: board setup constraints silk; warning
    @(108.7188 mm, 60.2057 mm): PTH pad 8 [row0] of U1
    @(108.6900 mm, 37.4200 mm): Segment of U1 on B.Silkscreen
[silk_overlap]: Silkscreen clearance
    Rule: board setup constraints silk; warning
    @(108.6900 mm, 39.9600 mm): Segment of U1 on B.Silkscreen
    @(108.7188 mm, 60.2057 mm): PTH pad 8 [row0] of U1
[silk_overlap]: Silkscreen clearance
    Rule: board setup constraints silk; warning
    @(108.7188 mm, 62.7457 mm): PTH pad 9 [row1] of U1
    @(108.6900 mm, 37.4200 mm): Segment of U1 on B.Silkscreen
[silk_overlap]: Silkscreen clearance
    Rule: board setup constraints silk; warning
    @(108.6900 mm, 39.9600 mm): Segment of U1 on B.Silkscreen
    @(108.7188 mm, 62.7457 mm): PTH pad 9 [row1] of U1
[silk_overlap]: Silkscreen clearance
    Rule: board setup constraints silk; warning
    @(108.7188 mm, 65.2857 mm): PTH pad 10 [row2] of U1
    @(108.6900 mm, 37.4200 mm): Segment of U1 on B.Silkscreen
[silk_overlap]: Silkscreen clearance
    Rule: board setup constraints silk; warning
    @(108.6900 mm, 39.9600 mm): Segment of U1 on B.Silkscreen
    @(108.7188 mm, 65.2857 mm): PTH pad 10 [row2] of U1
[silk_overlap]: Silkscreen clearance
    Rule: board setup constraints silk; warning
    @(108.7188 mm, 67.8257 mm): PTH pad 11 [row3] of U1
    @(108.6900 mm, 37.4200 mm): Segment of U1 on B.Silkscreen
[silk_overlap]: Silkscreen clearance
    Rule: board setup constraints silk; warning
    @(108.6900 mm, 39.9600 mm): Segment of U1 on B.Silkscreen
    @(108.7188 mm, 67.8257 mm): PTH pad 11 [row3] of U1
[silk_overlap]: Silkscreen clearance
    Rule: board setup constraints silk; warning
    @(108.6900 mm, 70.4400 mm): Segment of U1 on B.Silkscreen
    @(108.7188 mm, 70.3657 mm): PTH pad 12 [row4] of U1
[silk_overlap]: Silkscreen clearance
    Rule: board setup constraints silk; warning
    @(108.7188 mm, 70.3657 mm): PTH pad 12 [row4] of U1
    @(108.6900 mm, 37.4200 mm): Segment of U1 on B.Silkscreen
[silk_overlap]: Silkscreen clearance
    Rule: board setup constraints silk; warning
    @(108.6900 mm, 39.9600 mm): Segment of U1 on B.Silkscreen
    @(108.7188 mm, 70.3657 mm): PTH pad 12 [row4] of U1
[silk_overlap]: Silkscreen clearance
    Rule: board setup constraints silk; warning
    @(93.4500 mm, 70.4400 mm): Segment of U1 on B.Silkscreen
    @(93.4788 mm, 70.3657 mm): PTH pad 13 [col5] of U1
[silk_overlap]: Silkscreen clearance
    Rule: board setup constraints silk; warning
    @(93.4500 mm, 39.9600 mm): Segment of U1 on B.Silkscreen
    @(93.4788 mm, 70.3657 mm): PTH pad 13 [col5] of U1
[silk_overlap]: Silkscreen clearance
    Rule: board setup constraints silk; warning
    @(93.4500 mm, 39.9600 mm): Segment of U1 on B.Silkscreen
    @(93.4788 mm, 67.8257 mm): PTH pad 14 [col4] of U1
[silk_overlap]: Silkscreen clearance
    Rule: board setup constraints silk; warning
    @(93.4500 mm, 39.9600 mm): Segment of U1 on B.Silkscreen
    @(93.4788 mm, 65.2857 mm): PTH pad 15 [col3] of U1
[silk_overlap]: Silkscreen clearance
    Rule: board setup constraints silk; warning
    @(93.4788 mm, 62.7457 mm): PTH pad 16 [col2] of U1
    @(93.4500 mm, 39.9600 mm): Segment of U1 on B.Silkscreen
[silk_overlap]: Silkscreen clearance
    Rule: board setup constraints silk; warning
    @(93.4788 mm, 60.2057 mm): PTH pad 17 [col1] of U1
    @(93.4500 mm, 39.9600 mm): Segment of U1 on B.Silkscreen
[silk_overlap]: Silkscreen clearance
    Rule: board setup constraints silk; warning
    @(93.4500 mm, 39.9600 mm): Segment of U1 on B.Silkscreen
    @(93.4788 mm, 57.6657 mm): PTH pad 18 [col0] of U1
[silk_overlap]: Silkscreen clearance
    Rule: board setup constraints silk; warning
    @(93.4788 mm, 55.1257 mm): PTH pad 19 [Net-(U1-Pad19)] of U1
    @(93.4500 mm, 39.9600 mm): Segment of U1 on B.Silkscreen
[silk_overlap]: Silkscreen clearance
    Rule: board setup constraints silk; warning
    @(93.4500 mm, 39.9600 mm): Segment of U1 on B.Silkscreen
    @(93.4788 mm, 52.5857 mm): PTH pad 20 [Net-(U1-Pad20)] of U1
[silk_over_copper]: Silkscreen clipped by solder mask
    Local override; warning
    @(83.2000 mm, 70.7000 mm): Segment of RSW1 on B.Silkscreen
    @(85.0000 mm, 70.9500 mm): PTH pad 1 [GND] of RSW1
[silk_over_copper]: Silkscreen clipped by solder mask
    Local override; warning
    @(86.7000 mm, 70.7000 mm): Segment of RSW1 on B.Silkscreen
    @(85.0000 mm, 70.9500 mm): PTH pad 1 [GND] of RSW1
[silk_over_copper]: Silkscreen clipped by solder mask
    Local override; warning
    @(83.2000 mm, 64.7000 mm): Segment of RSW1 on B.Silkscreen
    @(85.0000 mm, 64.4500 mm): PTH pad 2 [RESET] of RSW1
[silk_over_copper]: Silkscreen clipped by solder mask
    Local override; warning
    @(86.7000 mm, 64.7000 mm): Segment of RSW1 on B.Silkscreen
    @(85.0000 mm, 64.4500 mm): PTH pad 2 [RESET] of RSW1
[silk_over_copper]: Silkscreen clipped by solder mask
    Local override; warning
    @(89.1500 mm, 51.3000 mm): Segment of J2 on B.Silkscreen
    @(85.8000 mm, 51.1000 mm): PTH pad 4 [Net-(J2-Pad4)] of J2
[silk_over_copper]: Silkscreen clipped by solder mask
    Local override; warning
    @(89.1500 mm, 51.3000 mm): Segment of J2 on B.Silkscreen
    @(88.2500 mm, 51.1000 mm): PTH pad 4 [Net-(J2-Pad4)] of J2
[silk_over_copper]: Silkscreen clipped by solder mask
    Local override; warning
    @(113.2250 mm, 51.4000 mm): Segment of SW1 on B.Silkscreen
    @(112.4000 mm, 53.7000 mm): Pad 1 [col5] of SW1 on B.Cu
[silk_over_copper]: Silkscreen clipped by solder mask
    Local override; warning
    @(151.3250 mm, 66.7000 mm): Segment of SW9 on B.Silkscreen
    @(150.5000 mm, 69.0000 mm): Pad 1 [col3] of SW9 on B.Cu
[silk_over_copper]: Silkscreen clipped by solder mask
    Local override; warning
    @(160.9000 mm, 68.9000 mm): Segment of SW9 on B.Silkscreen
    @(161.4000 mm, 71.2000 mm): Pad 2 [Net-(D9-Pad2)] of SW9 on B.Cu
[silk_over_copper]: Silkscreen clipped by solder mask
    Local override; warning
    @(170.3250 mm, 68.0000 mm): Segment of SW10 on B.Silkscreen
    @(169.5000 mm, 70.3000 mm): Pad 1 [col2] of SW10 on B.Cu
[silk_over_copper]: Silkscreen clipped by solder mask
    Local override; warning
    @(151.3250 mm, 85.8000 mm): Segment of SW15 on B.Silkscreen
    @(150.5000 mm, 88.1000 mm): Pad 1 [col3] of SW15 on B.Cu
[silk_over_copper]: Silkscreen clipped by solder mask
    Local override; warning
    @(160.9000 mm, 88.0000 mm): Segment of SW15 on B.Silkscreen
    @(161.4000 mm, 90.3000 mm): Pad 2 [Net-(D15-Pad2)] of SW15 on B.Cu
[silk_over_copper]: Silkscreen clipped by solder mask
    Local override; warning
    @(170.3250 mm, 87.1000 mm): Segment of SW16 on B.Silkscreen
    @(169.5000 mm, 89.4000 mm): Pad 1 [col2] of SW16 on B.Cu
[silk_over_copper]: Silkscreen clipped by solder mask
    Local override; warning
    @(122.8000 mm, 53.6000 mm): Segment of SW1 on B.Silkscreen
    @(123.3000 mm, 55.9000 mm): Pad 2 [Net-(D1-Pad2)] of SW1 on B.Cu
[silk_over_copper]: Silkscreen clipped by solder mask
    Local override; warning
    @(132.2250 mm, 49.0000 mm): Segment of SW2 on B.Silkscreen
    @(131.4000 mm, 51.3000 mm): Pad 1 [col4] of SW2 on B.Cu
[silk_over_copper]: Silkscreen clipped by solder mask
    Local override; warning
    @(141.8000 mm, 51.2000 mm): Segment of SW2 on B.Silkscreen
    @(142.3000 mm, 53.5000 mm): Pad 2 [Net-(D2-Pad2)] of SW2 on B.Cu
[silk_over_copper]: Silkscreen clipped by solder mask
    Local override; warning
    @(160.9000 mm, 49.8100 mm): Segment of SW3 on B.Silkscreen
    @(161.4000 mm, 52.1100 mm): Pad 2 [Net-(D3-Pad2)] of SW3 on B.Cu
[silk_over_copper]: Silkscreen clipped by solder mask
    Local override; warning
    @(170.3250 mm, 49.0000 mm): Segment of SW4 on B.Silkscreen
    @(169.5000 mm, 51.3000 mm): Pad 1 [col2] of SW4 on B.Cu
[silk_over_copper]: Silkscreen clipped by solder mask
    Local override; warning
    @(151.3250 mm, 47.6100 mm): Segment of SW3 on B.Silkscreen
    @(150.5000 mm, 49.9100 mm): Pad 1 [col3] of SW3 on B.Cu
[silk_over_copper]: Silkscreen clipped by solder mask
    Local override; warning
    @(179.9000 mm, 51.2000 mm): Segment of SW4 on B.Silkscreen
    @(180.4000 mm, 53.5000 mm): Pad 2 [Net-(D4-Pad2)] of SW4 on B.Cu
[silk_over_copper]: Silkscreen clipped by solder mask
    Local override; warning
    @(151.3250 mm, 104.8000 mm): Segment of SW21 on B.Silkscreen
    @(150.5000 mm, 107.1000 mm): Pad 1 [col3] of SW21 on B.Cu
[silk_over_copper]: Silkscreen clipped by solder mask
    Local override; warning
    @(160.9000 mm, 107.0000 mm): Segment of SW21 on B.Silkscreen
    @(161.4000 mm, 109.3000 mm): Pad 2 [Net-(D21-Pad2)] of SW21 on B.Cu
[silk_over_copper]: Silkscreen clipped by solder mask
    Local override; warning
    @(170.3250 mm, 106.2000 mm): Segment of SW22 on B.Silkscreen
    @(169.5000 mm, 108.5000 mm): Pad 1 [col2] of SW22 on B.Cu
[silk_over_copper]: Silkscreen clipped by solder mask
    Local override; warning
    @(189.4250 mm, 53.8000 mm): Segment of SW5 on B.Silkscreen
    @(188.6000 mm, 56.1000 mm): Pad 1 [col1] of SW5 on B.Cu
[silk_over_copper]: Silkscreen clipped by solder mask
    Local override; warning
    @(199.0000 mm, 56.0000 mm): Segment of SW5 on B.Silkscreen
    @(199.5000 mm, 58.3000 mm): Pad 2 [Net-(D5-Pad2)] of SW5 on B.Cu
[silk_over_copper]: Silkscreen clipped by solder mask
    Local override; warning
    @(208.4250 mm, 55.3000 mm): Segment of SW6 on B.Silkscreen
    @(207.6000 mm, 57.6000 mm): Pad 1 [col0] of SW6 on B.Cu
[silk_over_copper]: Silkscreen clipped by solder mask
    Local override; warning
    @(218.0000 mm, 57.5000 mm): Segment of SW6 on B.Silkscreen
    @(218.5000 mm, 59.8000 mm): Pad 2 [Net-(D6-Pad2)] of SW6 on B.Cu
[silk_over_copper]: Silkscreen clipped by solder mask
    Local override; warning
    @(208.4250 mm, 74.2000 mm): Segment of SW12 on B.Silkscreen
    @(207.6000 mm, 76.5000 mm): Pad 1 [col0] of SW12 on B.Cu
[silk_over_copper]: Silkscreen clipped by solder mask
    Local override; warning
    @(218.0000 mm, 76.4000 mm): Segment of SW12 on B.Silkscreen
    @(218.5000 mm, 78.7000 mm): Pad 2 [Net-(D12-Pad2)] of SW12 on B.Cu
[silk_over_copper]: Silkscreen clipped by solder mask
    Local override; warning
    @(218.0000 mm, 95.6000 mm): Segment of SW18 on B.Silkscreen
    @(218.5000 mm, 97.9000 mm): Pad 2 [Net-(D18-Pad2)] of SW18 on B.Cu
[silk_over_copper]: Silkscreen clipped by solder mask
    Local override; warning
    @(208.4250 mm, 93.4000 mm): Segment of SW18 on B.Silkscreen
    @(207.6000 mm, 95.7000 mm): Pad 1 [col0] of SW18 on B.Cu
[silk_over_copper]: Silkscreen clipped by solder mask
    Local override; warning
    @(189.4250 mm, 72.7000 mm): Segment of SW11 on B.Silkscreen
    @(188.6000 mm, 75.0000 mm): Pad 1 [col1] of SW11 on B.Cu
[silk_over_copper]: Silkscreen clipped by solder mask
    Local override; warning
    @(179.9000 mm, 70.2000 mm): Segment of SW10 on B.Silkscreen
    @(180.4000 mm, 72.5000 mm): Pad 2 [Net-(D10-Pad2)] of SW10 on B.Cu
[silk_over_copper]: Silkscreen clipped by solder mask
    Local override; warning
    @(199.0000 mm, 74.9000 mm): Segment of SW11 on B.Silkscreen
    @(199.5000 mm, 77.2000 mm): Pad 2 [Net-(D11-Pad2)] of SW11 on B.Cu
[silk_over_copper]: Silkscreen clipped by solder mask
    Local override; warning
    @(179.9000 mm, 89.3000 mm): Segment of SW16 on B.Silkscreen
    @(180.4000 mm, 91.6000 mm): Pad 2 [Net-(D16-Pad2)] of SW16 on B.Cu
[silk_over_copper]: Silkscreen clipped by solder mask
    Local override; warning
    @(189.4250 mm, 91.9000 mm): Segment of SW17 on B.Silkscreen
    @(188.6000 mm, 94.2000 mm): Pad 1 [col1] of SW17 on B.Cu
[silk_over_copper]: Silkscreen clipped by solder mask
    Local override; warning
    @(199.0000 mm, 94.1000 mm): Segment of SW17 on B.Silkscreen
    @(199.5000 mm, 96.4000 mm): Pad 2 [Net-(D17-Pad2)] of SW17 on B.Cu
[silk_over_copper]: Silkscreen clipped by solder mask
    Local override; warning
    @(179.9000 mm, 108.4000 mm): Segment of SW22 on B.Silkscreen
    @(180.4000 mm, 110.7000 mm): Pad 2 [Net-(D22-Pad2)] of SW22 on B.Cu
[silk_over_copper]: Silkscreen clipped by solder mask
    Local override; warning
    @(189.4250 mm, 110.9000 mm): Segment of SW23 on B.Silkscreen
    @(188.6000 mm, 113.2000 mm): Pad 1 [col1] of SW23 on B.Cu
[silk_over_copper]: Silkscreen clipped by solder mask
    Local override; warning
    @(199.0000 mm, 113.1000 mm): Segment of SW23 on B.Silkscreen
    @(199.5000 mm, 115.4000 mm): Pad 2 [Net-(D23-Pad2)] of SW23 on B.Cu
[silk_over_copper]: Silkscreen clipped by solder mask
    Local override; warning
    @(208.4750 mm, 112.4000 mm): Segment of SW24 on B.Silkscreen
    @(207.6500 mm, 114.7000 mm): Pad 1 [col0] of SW24 on B.Cu
[silk_over_copper]: Silkscreen clipped by solder mask
    Local override; warning
    @(218.0500 mm, 114.6000 mm): Segment of SW24 on B.Silkscreen
    @(218.5500 mm, 116.9000 mm): Pad 2 [Net-(D24-Pad2)] of SW24 on B.Cu
[silk_over_copper]: Silkscreen clipped by solder mask
    Local override; warning
    @(113.2250 mm, 89.5000 mm): Segment of SW13 on B.Silkscreen
    @(112.4000 mm, 91.8000 mm): Pad 1 [col5] of SW13 on B.Cu
[silk_over_copper]: Silkscreen clipped by solder mask
    Local override; warning
    @(122.8000 mm, 91.7000 mm): Segment of SW13 on B.Silkscreen
    @(123.3000 mm, 94.0000 mm): Pad 2 [Net-(D13-Pad2)] of SW13 on B.Cu
[silk_over_copper]: Silkscreen clipped by solder mask
    Local override; warning
    @(94.1250 mm, 98.9000 mm): Segment of SW25 on B.Silkscreen
    @(93.3000 mm, 101.2000 mm): Pad 1 [col5] of SW25 on B.Cu
[silk_over_copper]: Silkscreen clipped by solder mask
    Local override; warning
    @(103.7000 mm, 101.1000 mm): Segment of SW25 on B.Silkscreen
    @(104.2000 mm, 103.4000 mm): Pad 2 [Net-(D25-Pad2)] of SW25 on B.Cu
[silk_over_copper]: Silkscreen clipped by solder mask
    Local override; warning
    @(113.2250 mm, 70.5000 mm): Segment of SW7 on B.Silkscreen
    @(112.4000 mm, 72.8000 mm): Pad 1 [col5] of SW7 on B.Cu
[silk_over_copper]: Silkscreen clipped by solder mask
    Local override; warning
    @(122.8000 mm, 72.7000 mm): Segment of SW7 on B.Silkscreen
    @(123.3000 mm, 75.0000 mm): Pad 2 [Net-(D7-Pad2)] of SW7 on B.Cu
[silk_over_copper]: Silkscreen clipped by solder mask
    Local override; warning
    @(132.2250 mm, 68.1000 mm): Segment of SW8 on B.Silkscreen
    @(131.4000 mm, 70.4000 mm): Pad 1 [col4] of SW8 on B.Cu
[silk_over_copper]: Silkscreen clipped by solder mask
    Local override; warning
    @(141.8000 mm, 70.3000 mm): Segment of SW8 on B.Silkscreen
    @(142.3000 mm, 72.6000 mm): Pad 2 [Net-(D8-Pad2)] of SW8 on B.Cu
[silk_over_copper]: Silkscreen clipped by solder mask
    Local override; warning
    @(132.2250 mm, 87.1000 mm): Segment of SW14 on B.Silkscreen
    @(131.4000 mm, 89.4000 mm): Pad 1 [col4] of SW14 on B.Cu
[silk_over_copper]: Silkscreen clipped by solder mask
    Local override; warning
    @(132.2250 mm, 106.2000 mm): Segment of SW20 on B.Silkscreen
    @(131.4000 mm, 108.5000 mm): Pad 1 [col4] of SW20 on B.Cu
[silk_over_copper]: Silkscreen clipped by solder mask
    Local override; warning
    @(141.8000 mm, 89.3000 mm): Segment of SW14 on B.Silkscreen
    @(142.3000 mm, 91.6000 mm): Pad 2 [Net-(D14-Pad2)] of SW14 on B.Cu
[silk_over_copper]: Silkscreen clipped by solder mask
    Local override; warning
    @(141.8000 mm, 108.4000 mm): Segment of SW20 on B.Silkscreen
    @(142.3000 mm, 110.7000 mm): Pad 2 [Net-(D20-Pad2)] of SW20 on B.Cu
[silk_over_copper]: Silkscreen clipped by solder mask
    Local override; warning
    @(122.8000 mm, 110.7000 mm): Segment of SW19 on B.Silkscreen
    @(123.3000 mm, 113.0000 mm): Pad 2 [Net-(D19-Pad2)] of SW19 on B.Cu
[silk_over_copper]: Silkscreen clipped by solder mask
    Local override; warning
    @(113.2250 mm, 108.5000 mm): Segment of SW19 on B.Silkscreen
    @(112.4000 mm, 110.8000 mm): Pad 1 [col5] of SW19 on B.Cu
[silk_over_copper]: Silkscreen clipped by solder mask
    Local override; warning
    @(100.1501 mm, 121.3997 mm): Segment of SW26 on B.Silkscreen
    @(97.7457 mm, 121.8352 mm): Pad 1 [col4] of SW26 on B.Cu
[silk_over_copper]: Silkscreen clipped by solder mask
    Local override; warning
    @(103.0323 mm, 130.7919 mm): Segment of SW26 on B.Silkscreen
    @(101.2905 mm, 132.3749 mm): Pad 2 [Net-(D26-Pad2)] of SW26 on B.Cu
[silk_over_copper]: Silkscreen clipped by solder mask
    Local override; warning
    @(122.7250 mm, 127.4000 mm): Segment of SW27 on B.Silkscreen
    @(121.9000 mm, 129.7000 mm): Pad 1 [col3] of SW27 on B.Cu
[silk_over_copper]: Silkscreen clipped by solder mask
    Local override; warning
    @(132.3000 mm, 129.6000 mm): Segment of SW27 on B.Silkscreen
    @(132.8000 mm, 131.9000 mm): Pad 2 [Net-(D27-Pad2)] of SW27 on B.Cu
[silk_over_copper]: Silkscreen clipped by solder mask
    Local override; warning
    @(141.7250 mm, 125.1500 mm): Segment of SW28 on B.Silkscreen
    @(140.9000 mm, 127.4500 mm): Pad 1 [col2] of SW28 on B.Cu
[silk_over_copper]: Silkscreen clipped by solder mask
    Local override; warning
    @(151.3000 mm, 127.3500 mm): Segment of SW28 on B.Silkscreen
    @(151.8000 mm, 129.6500 mm): Pad 2 [Net-(D28-Pad2)] of SW28 on B.Cu
[silk_over_copper]: Silkscreen clipped by solder mask
    Local override; warning
    @(160.8250 mm, 125.1500 mm): Segment of SW29 on B.Silkscreen
    @(160.0000 mm, 127.4500 mm): Pad 1 [col1] of SW29 on B.Cu
[silk_over_copper]: Silkscreen clipped by solder mask
    Local override; warning
    @(170.4000 mm, 127.3500 mm): Segment of SW29 on B.Silkscreen
    @(170.9000 mm, 129.6500 mm): Pad 2 [Net-(D29-Pad2)] of SW29 on B.Cu
[lib_footprint_issues]: The current configuration does not include the footprint library 'Lily58-footprint'
    Local override; warning
    @(84.6880 mm, 56.0393 mm): Footprint R1
[lib_footprint_issues]: The current configuration does not include the footprint library 'Lily58-footprint'
    Local override; warning
    @(86.9380 mm, 56.0393 mm): Footprint R2
[lib_footprint_issues]: The current configuration does not include the footprint library 'Lily58-footprint'
    Local override; warning
    @(87.9000 mm, 39.3000 mm): Footprint J2
[lib_footprint_issues]: The current configuration does not include the footprint library 'Lily58-footprint'
    Local override; warning
    @(84.7000 mm, 60.7000 mm): Footprint P1
[lib_footprint_issues]: The current configuration does not include the footprint library 'Lily58-footprint'
    Local override; warning
    @(86.9000 mm, 60.7000 mm): Footprint P2
[lib_footprint_issues]: The current configuration does not include the footprint library 'Lily58-footprint'
    Local override; warning
    @(129.6000 mm, 59.6000 mm): Footprint TH3
[lib_footprint_issues]: The current configuration does not include the footprint library 'Lily58-footprint'
    Local override; warning
    @(205.8000 mm, 61.8000 mm): Footprint TH4
[lib_footprint_issues]: The current configuration does not include the footprint library 'Lily58-footprint'
    Local override; warning
    @(129.6000 mm, 97.6000 mm): Footprint TH5
[lib_footprint_issues]: The current configuration does not include the footprint library 'Lily58-footprint'
    Local override; warning
    @(205.8000 mm, 100.0000 mm): Footprint TH6
[lib_footprint_issues]: The current configuration does not include the footprint library 'Lily58-footprint'
    Local override; warning
    @(105.0000 mm, 114.8000 mm): Footprint TH7
[lib_footprint_issues]: The current configuration does not include the footprint library 'Lily58-footprint'
    Local override; warning
    @(101.0000 mm, 56.0000 mm): Footprint U1
[lib_footprint_issues]: The current configuration does not include the footprint library 'Lily58-footprint'
    Local override; warning
    @(104.3000 mm, 69.3000 mm): Footprint JP1
[lib_footprint_issues]: The current configuration does not include the footprint library 'Lily58-footprint'
    Local override; warning
    @(101.7000 mm, 69.3000 mm): Footprint JP2
[lib_footprint_issues]: The current configuration does not include the footprint library 'Lily58-footprint'
    Local override; warning
    @(99.2000 mm, 69.3000 mm): Footprint JP3
[lib_footprint_issues]: The current configuration does not include the footprint library 'Lily58-footprint'
    Local override; warning
    @(85.0000 mm, 67.7000 mm): Footprint RSW1
[lib_footprint_issues]: The current configuration does not include the footprint library 'Lily58-footprint'
    Local override; warning
    @(89.0000 mm, 60.7000 mm): Footprint W1
[lib_footprint_issues]: The current configuration does not include the footprint library 'Lily58-footprint'
    Local override; warning
    @(114.4000 mm, 58.0000 mm): Footprint D1
[lib_footprint_issues]: The current configuration does not include the footprint library 'Lily58-footprint'
    Local override; warning
    @(134.3000 mm, 55.7000 mm): Footprint D2
[lib_footprint_issues]: The current configuration does not include the footprint library 'Lily58-footprint'
    Local override; warning
    @(152.5000 mm, 54.2000 mm): Footprint D3
[lib_footprint_issues]: The current configuration does not include the footprint library 'Lily58-footprint'
    Local override; warning
    @(171.5000 mm, 55.6000 mm): Footprint D4
[lib_footprint_issues]: The current configuration does not include the footprint library 'Lily58-footprint'
    Local override; warning
    @(190.6000 mm, 60.4000 mm): Footprint D5
[lib_footprint_issues]: The current configuration does not include the footprint library 'Lily58-footprint'
    Local override; warning
    @(221.8000 mm, 61.8000 mm): Footprint D6
[lib_footprint_issues]: The current configuration does not include the footprint library 'Lily58-footprint'
    Local override; warning
    @(114.4000 mm, 61.1000 mm): Footprint D7
[lib_footprint_issues]: The current configuration does not include the footprint library 'Lily58-footprint'
    Local override; warning
    @(135.3000 mm, 58.7000 mm): Footprint D8
[lib_footprint_issues]: The current configuration does not include the footprint library 'Lily58-footprint'
    Local override; warning
    @(152.6000 mm, 57.4000 mm): Footprint D9
[lib_footprint_issues]: The current configuration does not include the footprint library 'Lily58-footprint'
    Local override; warning
    @(171.5000 mm, 58.7000 mm): Footprint D10
[lib_footprint_issues]: The current configuration does not include the footprint library 'Lily58-footprint'
    Local override; warning
    @(190.6000 mm, 63.3000 mm): Footprint D11
[lib_footprint_issues]: The current configuration does not include the footprint library 'Lily58-footprint'
    Local override; warning
    @(221.8000 mm, 64.9000 mm): Footprint D12
[lib_footprint_issues]: The current configuration does not include the footprint library 'Lily58-footprint'
    Local override; warning
    @(114.4000 mm, 96.0000 mm): Footprint D13
[lib_footprint_issues]: The current configuration does not include the footprint library 'Lily58-footprint'
    Local override; warning
    @(134.3000 mm, 93.8000 mm): Footprint D14
[lib_footprint_issues]: The current configuration does not include the footprint library 'Lily58-footprint'
    Local override; warning
    @(152.5000 mm, 92.3000 mm): Footprint D15
[lib_footprint_issues]: The current configuration does not include the footprint library 'Lily58-footprint'
    Local override; warning
    @(171.5000 mm, 93.6000 mm): Footprint D16
[lib_footprint_issues]: The current configuration does not include the footprint library 'Lily58-footprint'
    Local override; warning
    @(190.6000 mm, 98.3000 mm): Footprint D17
[lib_footprint_issues]: The current configuration does not include the footprint library 'Lily58-footprint'
    Local override; warning
    @(221.8000 mm, 99.9000 mm): Footprint D18
[lib_footprint_issues]: The current configuration does not include the footprint library 'Lily58-footprint'
    Local override; warning
    @(114.4000 mm, 99.1000 mm): Footprint D19
[lib_footprint_issues]: The current configuration does not include the footprint library 'Lily58-footprint'
    Local override; warning
    @(135.3000 mm, 96.8000 mm): Footprint D20
[lib_footprint_issues]: The current configuration does not include the footprint library 'Lily58-footprint'
    Local override; warning
    @(152.5000 mm, 95.4000 mm): Footprint D21
[lib_footprint_issues]: The current configuration does not include the footprint library 'Lily58-footprint'
    Local override; warning
    @(171.5000 mm, 96.8000 mm): Footprint D22
[lib_footprint_issues]: The current configuration does not include the footprint library 'Lily58-footprint'
    Local override; warning
    @(190.6000 mm, 101.5000 mm): Footprint D23
[lib_footprint_issues]: The current configuration does not include the footprint library 'Lily58-footprint'
    Local override; warning
    @(221.9000 mm, 103.1000 mm): Footprint D24
[lib_footprint_issues]: The current configuration does not include the footprint library 'Lily58-footprint'
    Local override; warning
    @(105.6000 mm, 89.5000 mm): Footprint D25
[lib_footprint_issues]: The current configuration does not include the footprint library 'Lily58-footprint'
    Local override; warning
    @(109.8000 mm, 119.3000 mm): Footprint D26
[lib_footprint_issues]: The current configuration does not include the footprint library 'Lily58-footprint'
    Local override; warning
    @(123.9000 mm, 118.0000 mm): Footprint D27
[lib_footprint_issues]: The current configuration does not include the footprint library 'Lily58-footprint'
    Local override; warning
    @(142.9000 mm, 115.8000 mm): Footprint D28
[lib_footprint_issues]: The current configuration does not include the footprint library 'Lily58-footprint'
    Local override; warning
    @(162.0000 mm, 115.8000 mm): Footprint D29
[lib_footprint_issues]: The current configuration does not include the footprint library 'v2'
    Local override; warning
    @(120.5000 mm, 50.0000 mm): Footprint SW1
[lib_footprint_issues]: The current configuration does not include the footprint library 'v2'
    Local override; warning
    @(139.5000 mm, 47.6000 mm): Footprint SW2
[lib_footprint_issues]: The current configuration does not include the footprint library 'v2'
    Local override; warning
    @(158.6000 mm, 46.2100 mm): Footprint SW3
[lib_footprint_issues]: The current configuration does not include the footprint library 'v2'
    Local override; warning
    @(177.6000 mm, 47.6000 mm): Footprint SW4
[lib_footprint_issues]: The current configuration does not include the footprint library 'v2'
    Local override; warning
    @(196.7000 mm, 52.4000 mm): Footprint SW5
[lib_footprint_issues]: The current configuration does not include the footprint library 'v2'
    Local override; warning
    @(215.7000 mm, 53.9000 mm): Footprint SW6
[lib_footprint_issues]: The current configuration does not include the footprint library 'v2'
    Local override; warning
    @(120.5000 mm, 69.1000 mm): Footprint SW7
[lib_footprint_issues]: The current configuration does not include the footprint library 'v2'
    Local override; warning
    @(139.5000 mm, 66.7000 mm): Footprint SW8
[lib_footprint_issues]: The current configuration does not include the footprint library 'v2'
    Local override; warning
    @(158.6000 mm, 65.3000 mm): Footprint SW9
[lib_footprint_issues]: The current configuration does not include the footprint library 'v2'
    Local override; warning
    @(177.6000 mm, 66.6000 mm): Footprint SW10
[lib_footprint_issues]: The current configuration does not include the footprint library 'v2'
    Local override; warning
    @(196.7000 mm, 71.3000 mm): Footprint SW11
[lib_footprint_issues]: The current configuration does not include the footprint library 'v2'
    Local override; warning
    @(215.7000 mm, 72.8000 mm): Footprint SW12
[lib_footprint_issues]: The current configuration does not include the footprint library 'v2'
    Local override; warning
    @(120.5000 mm, 88.1000 mm): Footprint SW13
[lib_footprint_issues]: The current configuration does not include the footprint library 'v2'
    Local override; warning
    @(139.5000 mm, 85.7000 mm): Footprint SW14
[lib_footprint_issues]: The current configuration does not include the footprint library 'v2'
    Local override; warning
    @(158.6000 mm, 84.4000 mm): Footprint SW15
[lib_footprint_issues]: The current configuration does not include the footprint library 'v2'
    Local override; warning
    @(177.6000 mm, 85.7000 mm): Footprint SW16
[lib_footprint_issues]: The current configuration does not include the footprint library 'v2'
    Local override; warning
    @(196.7000 mm, 90.5000 mm): Footprint SW17
[lib_footprint_issues]: The current configuration does not include the footprint library 'v2'
    Local override; warning
    @(215.7000 mm, 92.0000 mm): Footprint SW18
[lib_footprint_issues]: The current configuration does not include the footprint library 'v2'
    Local override; warning
    @(120.5000 mm, 107.1000 mm): Footprint SW19
[lib_footprint_issues]: The current configuration does not include the footprint library 'v2'
    Local override; warning
    @(139.5000 mm, 104.8000 mm): Footprint SW20
[lib_footprint_issues]: The current configuration does not include the footprint library 'v2'
    Local override; warning
    @(158.6000 mm, 103.4000 mm): Footprint SW21
[lib_footprint_issues]: The current configuration does not include the footprint library 'v2'
    Local override; warning
    @(177.6000 mm, 104.8000 mm): Footprint SW22
[lib_footprint_issues]: The current configuration does not include the footprint library 'v2'
    Local override; warning
    @(196.7000 mm, 109.5000 mm): Footprint SW23
[lib_footprint_issues]: The current configuration does not include the footprint library 'v2'
    Local override; warning
    @(215.7500 mm, 111.0000 mm): Footprint SW24
[lib_footprint_issues]: The current configuration does not include the footprint library 'v2'
    Local override; warning
    @(101.4000 mm, 97.5000 mm): Footprint SW25
[lib_footprint_issues]: The current configuration does not include the footprint library 'v2'
    Local override; warning
    @(105.0000 mm, 127.0000 mm): Footprint SW26
[lib_footprint_issues]: The current configuration does not include the footprint library 'v2'
    Local override; warning
    @(130.0000 mm, 126.0000 mm): Footprint SW27
[lib_footprint_issues]: The current configuration does not include the footprint library 'v2'
    Local override; warning
    @(149.0000 mm, 123.7500 mm): Footprint SW28
[lib_footprint_issues]: The current configuration does not include the footprint library 'v2'
    Local override; warning
    @(168.1000 mm, 123.7500 mm): Footprint SW29
[lib_footprint_issues]: The current configuration does not include the footprint library 'Lily58-footprint'
    Local override; warning
    @(86.0000 mm, 85.0000 mm): Footprint TH1
[lib_footprint_issues]: The current configuration does not include the footprint library 'Lily58-footprint'
    Local override; warning
    @(108.0000 mm, 85.0000 mm): Footprint TH2
[lib_footprint_issues]: The current configuration does not include the footprint library 'Lily58-footprint'
    Local override; warning
    @(96.7000 mm, 69.3000 mm): Footprint JP4
[lib_footprint_issues]: The current configuration does not include the footprint library 'Lily58-footprint'
    Local override; warning
    @(112.7000 mm, 81.1000 mm): Footprint J1
[lib_footprint_issues]: The current configuration does not include the footprint library 'Lily58-footprint'
    Local override; warning
    @(96.7000 mm, 74.6000 mm): Footprint J3
[lib_footprint_issues]: The current configuration does not include the footprint library 'Lily58-footprint'
    Local override; warning
    @(101.7000 mm, 69.3000 mm): Footprint JP6
[lib_footprint_issues]: The current configuration does not include the footprint library 'Lily58-footprint'
    Local override; warning
    @(99.2000 mm, 69.3000 mm): Footprint JP7
[lib_footprint_issues]: The current configuration does not include the footprint library 'Lily58-footprint'
    Local override; warning
    @(96.7000 mm, 69.3000 mm): Footprint JP8
[lib_footprint_issues]: The current configuration does not include the footprint library 'Lily58-footprint'
    Local override; warning
    @(104.3000 mm, 69.3000 mm): Footprint JP5
[hole_to_hole]: Drilled hole too close to other hole (board setup constraints min 0.2495 mm; actual 0.0000 mm)
    Rule: board setup constraints; warning
    @(115.4200 mm, 50.0000 mm): NPTH pad of SW1
    @(115.0000 mm, 50.0000 mm): NPTH pad of SW1
[hole_to_hole]: Drilled hole too close to other hole (board setup constraints min 0.2495 mm; actual 0.0000 mm)
    Rule: board setup constraints; warning
    @(126.0000 mm, 50.0000 mm): NPTH pad of SW1
    @(125.5800 mm, 50.0000 mm): NPTH pad of SW1
[hole_to_hole]: Drilled hole too close to other hole (board setup constraints min 0.2495 mm; actual 0.0000 mm)
    Rule: board setup constraints; warning
    @(134.0000 mm, 47.6000 mm): NPTH pad of SW2
    @(134.4200 mm, 47.6000 mm): NPTH pad of SW2
[hole_to_hole]: Drilled hole too close to other hole (board setup constraints min 0.2495 mm; actual 0.0000 mm)
    Rule: board setup constraints; warning
    @(145.0000 mm, 47.6000 mm): NPTH pad of SW2
    @(144.5800 mm, 47.6000 mm): NPTH pad of SW2
[hole_to_hole]: Drilled hole too close to other hole (board setup constraints min 0.2495 mm; actual 0.0000 mm)
    Rule: board setup constraints; warning
    @(153.1000 mm, 46.2100 mm): NPTH pad of SW3
    @(153.5200 mm, 46.2100 mm): NPTH pad of SW3
[hole_to_hole]: Drilled hole too close to other hole (board setup constraints min 0.2495 mm; actual 0.0000 mm)
    Rule: board setup constraints; warning
    @(163.6800 mm, 46.2100 mm): NPTH pad of SW3
    @(164.1000 mm, 46.2100 mm): NPTH pad of SW3
[hole_to_hole]: Drilled hole too close to other hole (board setup constraints min 0.2495 mm; actual 0.0000 mm)
    Rule: board setup constraints; warning
    @(172.1000 mm, 47.6000 mm): NPTH pad of SW4
    @(172.5200 mm, 47.6000 mm): NPTH pad of SW4
[hole_to_hole]: Drilled hole too close to other hole (board setup constraints min 0.2495 mm; actual 0.0000 mm)
    Rule: board setup constraints; warning
    @(182.6800 mm, 47.6000 mm): NPTH pad of SW4
    @(183.1000 mm, 47.6000 mm): NPTH pad of SW4
[hole_to_hole]: Drilled hole too close to other hole (board setup constraints min 0.2495 mm; actual 0.0000 mm)
    Rule: board setup constraints; warning
    @(191.2000 mm, 52.4000 mm): NPTH pad of SW5
    @(191.6200 mm, 52.4000 mm): NPTH pad of SW5
[hole_to_hole]: Drilled hole too close to other hole (board setup constraints min 0.2495 mm; actual 0.0000 mm)
    Rule: board setup constraints; warning
    @(202.2000 mm, 52.4000 mm): NPTH pad of SW5
    @(201.7800 mm, 52.4000 mm): NPTH pad of SW5
[hole_to_hole]: Drilled hole too close to other hole (board setup constraints min 0.2495 mm; actual 0.0000 mm)
    Rule: board setup constraints; warning
    @(210.6200 mm, 53.9000 mm): NPTH pad of SW6
    @(210.2000 mm, 53.9000 mm): NPTH pad of SW6
[hole_to_hole]: Drilled hole too close to other hole (board setup constraints min 0.2495 mm; actual 0.0000 mm)
    Rule: board setup constraints; warning
    @(220.7800 mm, 53.9000 mm): NPTH pad of SW6
    @(221.2000 mm, 53.9000 mm): NPTH pad of SW6
[hole_to_hole]: Drilled hole too close to other hole (board setup constraints min 0.2495 mm; actual 0.0000 mm)
    Rule: board setup constraints; warning
    @(115.0000 mm, 69.1000 mm): NPTH pad of SW7
    @(115.4200 mm, 69.1000 mm): NPTH pad of SW7
[hole_to_hole]: Drilled hole too close to other hole (board setup constraints min 0.2495 mm; actual 0.0000 mm)
    Rule: board setup constraints; warning
    @(126.0000 mm, 69.1000 mm): NPTH pad of SW7
    @(125.5800 mm, 69.1000 mm): NPTH pad of SW7
[hole_to_hole]: Drilled hole too close to other hole (board setup constraints min 0.2495 mm; actual 0.0000 mm)
    Rule: board setup constraints; warning
    @(134.0000 mm, 66.7000 mm): NPTH pad of SW8
    @(134.4200 mm, 66.7000 mm): NPTH pad of SW8
[hole_to_hole]: Drilled hole too close to other hole (board setup constraints min 0.2495 mm; actual 0.0000 mm)
    Rule: board setup constraints; warning
    @(144.5800 mm, 66.7000 mm): NPTH pad of SW8
    @(145.0000 mm, 66.7000 mm): NPTH pad of SW8
[hole_to_hole]: Drilled hole too close to other hole (board setup constraints min 0.2495 mm; actual 0.0000 mm)
    Rule: board setup constraints; warning
    @(153.5200 mm, 65.3000 mm): NPTH pad of SW9
    @(153.1000 mm, 65.3000 mm): NPTH pad of SW9
[hole_to_hole]: Drilled hole too close to other hole (board setup constraints min 0.2495 mm; actual 0.0000 mm)
    Rule: board setup constraints; warning
    @(163.6800 mm, 65.3000 mm): NPTH pad of SW9
    @(164.1000 mm, 65.3000 mm): NPTH pad of SW9
[hole_to_hole]: Drilled hole too close to other hole (board setup constraints min 0.2495 mm; actual 0.0000 mm)
    Rule: board setup constraints; warning
    @(172.5200 mm, 66.6000 mm): NPTH pad of SW10
    @(172.1000 mm, 66.6000 mm): NPTH pad of SW10
[hole_to_hole]: Drilled hole too close to other hole (board setup constraints min 0.2495 mm; actual 0.0000 mm)
    Rule: board setup constraints; warning
    @(183.1000 mm, 66.6000 mm): NPTH pad of SW10
    @(182.6800 mm, 66.6000 mm): NPTH pad of SW10
[hole_to_hole]: Drilled hole too close to other hole (board setup constraints min 0.2495 mm; actual 0.0000 mm)
    Rule: board setup constraints; warning
    @(191.6200 mm, 71.3000 mm): NPTH pad of SW11
    @(191.2000 mm, 71.3000 mm): NPTH pad of SW11
[hole_to_hole]: Drilled hole too close to other hole (board setup constraints min 0.2495 mm; actual 0.0000 mm)
    Rule: board setup constraints; warning
    @(202.2000 mm, 71.3000 mm): NPTH pad of SW11
    @(201.7800 mm, 71.3000 mm): NPTH pad of SW11
[hole_to_hole]: Drilled hole too close to other hole (board setup constraints min 0.2495 mm; actual 0.0000 mm)
    Rule: board setup constraints; warning
    @(210.6200 mm, 72.8000 mm): NPTH pad of SW12
    @(210.2000 mm, 72.8000 mm): NPTH pad of SW12
[hole_to_hole]: Drilled hole too close to other hole (board setup constraints min 0.2495 mm; actual 0.0000 mm)
    Rule: board setup constraints; warning
    @(221.2000 mm, 72.8000 mm): NPTH pad of SW12
    @(220.7800 mm, 72.8000 mm): NPTH pad of SW12
[hole_to_hole]: Drilled hole too close to other hole (board setup constraints min 0.2495 mm; actual 0.0000 mm)
    Rule: board setup constraints; warning
    @(115.4200 mm, 88.1000 mm): NPTH pad of SW13
    @(115.0000 mm, 88.1000 mm): NPTH pad of SW13
[hole_to_hole]: Drilled hole too close to other hole (board setup constraints min 0.2495 mm; actual 0.0000 mm)
    Rule: board setup constraints; warning
    @(125.5800 mm, 88.1000 mm): NPTH pad of SW13
    @(126.0000 mm, 88.1000 mm): NPTH pad of SW13
[hole_to_hole]: Drilled hole too close to other hole (board setup constraints min 0.2495 mm; actual 0.0000 mm)
    Rule: board setup constraints; warning
    @(134.0000 mm, 85.7000 mm): NPTH pad of SW14
    @(134.4200 mm, 85.7000 mm): NPTH pad of SW14
[hole_to_hole]: Drilled hole too close to other hole (board setup constraints min 0.2495 mm; actual 0.0000 mm)
    Rule: board setup constraints; warning
    @(144.5800 mm, 85.7000 mm): NPTH pad of SW14
    @(145.0000 mm, 85.7000 mm): NPTH pad of SW14
[hole_to_hole]: Drilled hole too close to other hole (board setup constraints min 0.2495 mm; actual 0.0000 mm)
    Rule: board setup constraints; warning
    @(153.1000 mm, 84.4000 mm): NPTH pad of SW15
    @(153.5200 mm, 84.4000 mm): NPTH pad of SW15
[hole_to_hole]: Drilled hole too close to other hole (board setup constraints min 0.2495 mm; actual 0.0000 mm)
    Rule: board setup constraints; warning
    @(163.6800 mm, 84.4000 mm): NPTH pad of SW15
    @(164.1000 mm, 84.4000 mm): NPTH pad of SW15
[hole_to_hole]: Drilled hole too close to other hole (board setup constraints min 0.2495 mm; actual 0.0000 mm)
    Rule: board setup constraints; warning
    @(172.5200 mm, 85.7000 mm): NPTH pad of SW16
    @(172.1000 mm, 85.7000 mm): NPTH pad of SW16
[hole_to_hole]: Drilled hole too close to other hole (board setup constraints min 0.2495 mm; actual 0.0000 mm)
    Rule: board setup constraints; warning
    @(182.6800 mm, 85.7000 mm): NPTH pad of SW16
    @(183.1000 mm, 85.7000 mm): NPTH pad of SW16
[hole_to_hole]: Drilled hole too close to other hole (board setup constraints min 0.2495 mm; actual 0.0000 mm)
    Rule: board setup constraints; warning
    @(191.2000 mm, 90.5000 mm): NPTH pad of SW17
    @(191.6200 mm, 90.5000 mm): NPTH pad of SW17
[hole_to_hole]: Drilled hole too close to other hole (board setup constraints min 0.2495 mm; actual 0.0000 mm)
    Rule: board setup constraints; warning
    @(201.7800 mm, 90.5000 mm): NPTH pad of SW17
    @(202.2000 mm, 90.5000 mm): NPTH pad of SW17
[hole_to_hole]: Drilled hole too close to other hole (board setup constraints min 0.2495 mm; actual 0.0000 mm)
    Rule: board setup constraints; warning
    @(210.6200 mm, 92.0000 mm): NPTH pad of SW18
    @(210.2000 mm, 92.0000 mm): NPTH pad of SW18
[hole_to_hole]: Drilled hole too close to other hole (board setup constraints min 0.2495 mm; actual 0.0000 mm)
    Rule: board setup constraints; warning
    @(220.7800 mm, 92.0000 mm): NPTH pad of SW18
    @(221.2000 mm, 92.0000 mm): NPTH pad of SW18
[hole_to_hole]: Drilled hole too close to other hole (board setup constraints min 0.2495 mm; actual 0.0000 mm)
    Rule: board setup constraints; warning
    @(115.0000 mm, 107.1000 mm): NPTH pad of SW19
    @(115.4200 mm, 107.1000 mm): NPTH pad of SW19
[hole_to_hole]: Drilled hole too close to other hole (board setup constraints min 0.2495 mm; actual 0.0000 mm)
    Rule: board setup constraints; warning
    @(126.0000 mm, 107.1000 mm): NPTH pad of SW19
    @(125.5800 mm, 107.1000 mm): NPTH pad of SW19
[hole_to_hole]: Drilled hole too close to other hole (board setup constraints min 0.2495 mm; actual 0.0000 mm)
    Rule: board setup constraints; warning
    @(134.4200 mm, 104.8000 mm): NPTH pad of SW20
    @(134.0000 mm, 104.8000 mm): NPTH pad of SW20
[hole_to_hole]: Drilled hole too close to other hole (board setup constraints min 0.2495 mm; actual 0.0000 mm)
    Rule: board setup constraints; warning
    @(144.5800 mm, 104.8000 mm): NPTH pad of SW20
    @(145.0000 mm, 104.8000 mm): NPTH pad of SW20
[hole_to_hole]: Drilled hole too close to other hole (board setup constraints min 0.2495 mm; actual 0.0000 mm)
    Rule: board setup constraints; warning
    @(153.5200 mm, 103.4000 mm): NPTH pad of SW21
    @(153.1000 mm, 103.4000 mm): NPTH pad of SW21
[hole_to_hole]: Drilled hole too close to other hole (board setup constraints min 0.2495 mm; actual 0.0000 mm)
    Rule: board setup constraints; warning
    @(163.6800 mm, 103.4000 mm): NPTH pad of SW21
    @(164.1000 mm, 103.4000 mm): NPTH pad of SW21
[hole_to_hole]: Drilled hole too close to other hole (board setup constraints min 0.2495 mm; actual 0.0000 mm)
    Rule: board setup constraints; warning
    @(172.5200 mm, 104.8000 mm): NPTH pad of SW22
    @(172.1000 mm, 104.8000 mm): NPTH pad of SW22
[hole_to_hole]: Drilled hole too close to other hole (board setup constraints min 0.2495 mm; actual 0.0000 mm)
    Rule: board setup constraints; warning
    @(182.6800 mm, 104.8000 mm): NPTH pad of SW22
    @(183.1000 mm, 104.8000 mm): NPTH pad of SW22
[hole_to_hole]: Drilled hole too close to other hole (board setup constraints min 0.2495 mm; actual 0.0000 mm)
    Rule: board setup constraints; warning
    @(191.2000 mm, 109.5000 mm): NPTH pad of SW23
    @(191.6200 mm, 109.5000 mm): NPTH pad of SW23
[hole_to_hole]: Drilled hole too close to other hole (board setup constraints min 0.2495 mm; actual 0.0000 mm)
    Rule: board setup constraints; warning
    @(202.2000 mm, 109.5000 mm): NPTH pad of SW23
    @(201.7800 mm, 109.5000 mm): NPTH pad of SW23
[hole_to_hole]: Drilled hole too close to other hole (board setup constraints min 0.2495 mm; actual 0.0000 mm)
    Rule: board setup constraints; warning
    @(210.6700 mm, 111.0000 mm): NPTH pad of SW24
    @(210.2500 mm, 111.0000 mm): NPTH pad of SW24
[hole_to_hole]: Drilled hole too close to other hole (board setup constraints min 0.2495 mm; actual 0.0000 mm)
    Rule: board setup constraints; warning
    @(221.2500 mm, 111.0000 mm): NPTH pad of SW24
    @(220.8300 mm, 111.0000 mm): NPTH pad of SW24
[hole_to_hole]: Drilled hole too close to other hole (board setup constraints min 0.2495 mm; actual 0.0000 mm)
    Rule: board setup constraints; warning
    @(96.3200 mm, 97.5000 mm): NPTH pad of SW25
    @(95.9000 mm, 97.5000 mm): NPTH pad of SW25
[hole_to_hole]: Drilled hole too close to other hole (board setup constraints min 0.2495 mm; actual 0.0000 mm)
    Rule: board setup constraints; warning
    @(106.4800 mm, 97.5000 mm): NPTH pad of SW25
    @(106.9000 mm, 97.5000 mm): NPTH pad of SW25
[hole_to_hole]: Drilled hole too close to other hole (board setup constraints min 0.2495 mm; actual 0.0000 mm)
    Rule: board setup constraints; warning
    @(102.4600 mm, 122.6006 mm): NPTH pad of SW26
    @(102.2500 mm, 122.2369 mm): NPTH pad of SW26
[hole_to_hole]: Drilled hole too close to other hole (board setup constraints min 0.2495 mm; actual 0.0000 mm)
    Rule: board setup constraints; warning
    @(107.7500 mm, 131.7631 mm): NPTH pad of SW26
    @(107.5400 mm, 131.3994 mm): NPTH pad of SW26
[hole_to_hole]: Drilled hole too close to other hole (board setup constraints min 0.2495 mm; actual 0.0000 mm)
    Rule: board setup constraints; warning
    @(124.9200 mm, 126.0000 mm): NPTH pad of SW27
    @(124.5000 mm, 126.0000 mm): NPTH pad of SW27
[hole_to_hole]: Drilled hole too close to other hole (board setup constraints min 0.2495 mm; actual 0.0000 mm)
    Rule: board setup constraints; warning
    @(135.0800 mm, 126.0000 mm): NPTH pad of SW27
    @(135.5000 mm, 126.0000 mm): NPTH pad of SW27
[hole_to_hole]: Drilled hole too close to other hole (board setup constraints min 0.2495 mm; actual 0.0000 mm)
    Rule: board setup constraints; warning
    @(143.9200 mm, 123.7500 mm): NPTH pad of SW28
    @(143.5000 mm, 123.7500 mm): NPTH pad of SW28
[hole_to_hole]: Drilled hole too close to other hole (board setup constraints min 0.2495 mm; actual 0.0000 mm)
    Rule: board setup constraints; warning
    @(154.5000 mm, 123.7500 mm): NPTH pad of SW28
    @(154.0800 mm, 123.7500 mm): NPTH pad of SW28
[hole_to_hole]: Drilled hole too close to other hole (board setup constraints min 0.2495 mm; actual 0.0000 mm)
    Rule: board setup constraints; warning
    @(162.6000 mm, 123.7500 mm): NPTH pad of SW29
    @(163.0200 mm, 123.7500 mm): NPTH pad of SW29
[hole_to_hole]: Drilled hole too close to other hole (board setup constraints min 0.2495 mm; actual 0.0000 mm)
    Rule: board setup constraints; warning
    @(173.1800 mm, 123.7500 mm): NPTH pad of SW29
    @(173.6000 mm, 123.7500 mm): NPTH pad of SW29
[track_dangling]: Track has unconnected end
    Local override; warning
    @(94.7000 mm, 43.7700 mm): Track [DATA] on F.Cu, length 0.2700 mm
[track_dangling]: Track has unconnected end
    Local override; warning
    @(110.8250 mm, 88.9000 mm): Track [row4] on F.Cu, length 0.0750 mm
[track_dangling]: Track has unconnected end
    Local override; warning
    @(113.5600 mm, 85.6000 mm): Track [col5] on B.Cu, length 0.0566 mm
[track_dangling]: Track has unconnected end
    Local override; warning
    @(113.5600 mm, 66.6000 mm): Track [col5] on B.Cu, length 0.0566 mm
[track_dangling]: Track has unconnected end
    Local override; warning
    @(113.5600 mm, 104.6000 mm): Track [col5] on B.Cu, length 0.0566 mm
[track_dangling]: Track has unconnected end
    Local override; warning
    @(132.5600 mm, 83.2000 mm): Track [col4] on B.Cu, length 0.0566 mm
[track_dangling]: Track has unconnected end
    Local override; warning
    @(151.6600 mm, 81.9000 mm): Track [col3] on B.Cu, length 0.0566 mm
[track_dangling]: Track has unconnected end
    Local override; warning
    @(151.6600 mm, 43.7100 mm): Track [col3] on B.Cu, length 0.0566 mm
[track_dangling]: Track has unconnected end
    Local override; warning
    @(170.6600 mm, 64.1000 mm): Track [col2] on B.Cu, length 0.0566 mm
[track_dangling]: Track has unconnected end
    Local override; warning
    @(170.6600 mm, 45.1000 mm): Track [col2] on B.Cu, length 0.0566 mm
[track_dangling]: Track has unconnected end
    Local override; warning
    @(189.7600 mm, 107.0000 mm): Track [col1] on B.Cu, length 0.0566 mm
[track_dangling]: Track has unconnected end
    Local override; warning
    @(189.7600 mm, 49.9000 mm): Track [col1] on B.Cu, length 0.0566 mm
[track_dangling]: Track has unconnected end
    Local override; warning
    @(208.7600 mm, 70.3000 mm): Track [col0] on B.Cu, length 0.0566 mm
[track_dangling]: Track has unconnected end
    Local override; warning
    @(208.8100 mm, 108.5000 mm): Track [col0] on B.Cu, length 0.0566 mm
[track_dangling]: Track has unconnected end
    Local override; warning
    @(208.7600 mm, 89.5000 mm): Track [col0] on B.Cu, length 0.0566 mm
[track_dangling]: Track has unconnected end
    Local override; warning
    @(203.7000 mm, 66.2000 mm): Track [Net-(D11-Pad2)] on B.Cu, length 0.4243 mm
[track_dangling]: Track has unconnected end
    Local override; warning
    @(222.6900 mm, 108.5000 mm): Track [Net-(D24-Pad2)] on F.Cu, length 0.0566 mm
[track_dangling]: Track has unconnected end
    Local override; warning
    @(136.9400 mm, 123.5000 mm): Track [Net-(D27-Pad2)] on F.Cu, length 0.0566 mm
[track_dangling]: Track has unconnected end
    Local override; warning
    @(155.9000 mm, 121.2100 mm): Track [Net-(D28-Pad2)] on F.Cu, length 4.2100 mm

** Found 0 unconnected pads **

** Found 0 Footprint errors **

** Ignored checks **
    - Footprint has no courtyard defined
    - Track endpoint not centered on via
    - Tuning profile track geometries
    - Footprint doesn't match symbol's footprint filters
    - Footprint component type doesn't match footprint pads

** End of Report **
